#VRML V2.0 utf8
# 3D model generated by easyeda2kicad.py (https://github.com/uPesy/easyeda2kicad.py)

Shape{
    appearance Appearance {
        material  Material 	{
            diffuseColor 0.5019607843137255 0.5019607843137255 0.5019607843137255
            specularColor 0.25098039215686274 0.25098039215686274 0.25098039215686274
            ambientIntensity 0.502
            transparency 0.0
            shininess 0.5
        }
    }
    geometry IndexedFaceSet {
        ccw TRUE
        solid FALSE
        coord DEF co Coordinate {
            point [
                0.0547 0.0414 0.0039, 0.0624 0.0405 0.0039, 0.0376 -0.0177 0.0039, 0.0362 -0.0256 0.0039, 0.0285 -0.0302 0.0039, 0.0362 -0.017 0.0039, 0.0285 0.6102 0.0039, 0.6102 0.3346 0.0039, 0.6102 0.1969 0.0039, 0.4921 0.3346 0.0039, 0.2362 0.1969 0.0039, 0.2362 -0.0302 0.0039, 0.1418 -0.0297 0.0039, 0.1418 0.0491 0.0039, 0.1313 0.0491 0.0039, 0.0683 0.0384 0.0039, 0.0737 0.0347 0.0039, 0.0785 0.0295 0.0039, 0.0842 0.0088 0.0039, 0.0834 0.0003 0.0039, 0.0813 -0.0065 0.0039, 0.0638 -0.0212 0.0039, 0.0564 -0.022 0.0039, 0.0695 -0.0191 0.0039, 0.0743 -0.0158 0.0039, 0.078 -0.0119 0.0039, 0.046 -0.0208 0.0039, 0.0752 -0.027 0.0039, 0.1015 -0.0297 0.0039, 0.0676 -0.0296 0.0039, 0.0625 -0.0302 0.0039, 0.0817 0.0234 0.0039, 0.0838 0.015 0.0039, 0.4921 0.6102 0.0039, 0.5709 0.5315 0.0039, 0.4331 0.6102 0.0039, 0.4921 0.5315 0.0039, 0.0451 0.0401 0.0039, 0.0362 0.0363 0.0039, 0.0362 0.0469 0.0039, 0.0906 0.0283 0.0039, 0.086 0.0357 0.0039, 0.0815 -0.023 0.0039, 0.0875 -0.0167 0.0039, 0.1015 -0.021 0.0039, 0.0917 -0.0093 0.0039, 0.1313 -0.021 0.0039, 0.0789 0.0425 0.0039, 0.0714 0.0468 0.0039, 0.0626 0.0494 0.0039, 0.094 -0.0009 0.0039, 0.0948 0.0082 0.0039, 0.0937 0.0194 0.0039, 0.0547 0.05 0.0039, 0.0453 0.0494 0.0039, 0.2362 -0.1969 0.0039, 0.6102 -0.1969 0.0039, 0.6102 -0.3346 0.0039, 0.4921 -0.3346 0.0039, 0.4921 -0.5315 0.0039, 0.0285 -0.6102 0.0039, 0.5709 -0.5315 0.0039, 0.4921 -0.6102 0.0039, 0.4331 -0.6102 0.0039, 0.0446 -0.0291 0.0039, 0.0526 -0.0302 0.0039, 0.0557 -0.0306 0.0039, 0.0579 -0.0306 0.0039, -0.5709 0.5315 0.0039, -0.4921 0.6102 0.0039, -0.4921 0.5315 0.0039, -0.4331 0.6102 0.0039, -0.0214 -0.0297 0.0039, 0.0208 -0.0297 0.0039, 0.0208 0.0491 0.0039, -0.0195 0.0491 0.0039, -0.0962 -0.0081 0.0039, -0.0917 -0.0151 0.0039, -0.1059 -0.0297 0.0039, -0.0852 -0.0214 0.0039, -0.077 -0.0261 0.0039, -0.1357 0.0491 0.0039, -0.1462 0.0491 0.0039, -0.2362 0.1969 0.0039, -0.0195 0.0404 0.0039, 0.0103 0.0404 0.0039, 0.0103 0.0145 0.0039, -0.6102 0.1969 0.0039, -0.6102 0.3346 0.0039, -0.4921 0.3346 0.0039, -0.0368 0.0491 0.0039, -0.0176 0.0145 0.0039, -0.0176 0.0058 0.0039, 0.0103 0.0058 0.0039, 0.0103 -0.021 0.0039, -0.0214 -0.021 0.0039, -0.0368 -0.0297 0.0039, -0.0582 -0.0297 0.0039, -0.2362 -0.0302 0.0039, -0.177 -0.0297 0.0039, -0.1654 -0.0297 0.0039, -0.1575 -0.0076 0.0039, -0.1249 -0.0076 0.0039, -0.1174 -0.0297 0.0039, -0.059 0.0491 0.0039, -0.0704 0.0478 0.0039, -0.0975 0.0258 0.0039, -0.0996 0.0181 0.0039, -0.1001 0.0107 0.0039, -0.099 0.0001 0.0039, -0.0796 0.0446 0.0039, -0.0881 0.0389 0.0039, -0.0882 0.0388 0.0039, -0.0938 0.0326 0.0039, -0.6102 -0.3346 0.0039, -0.6102 -0.1969 0.0039, -0.4921 -0.3346 0.0039, -0.2362 -0.1969 0.0039, -0.4921 -0.5315 0.0039, -0.4921 -0.6102 0.0039, -0.5709 -0.5315 0.0039, -0.4331 -0.6102 0.0039, -0.0679 -0.0288 0.0039, 0.6102 -0.1969 0.0827, 0.2362 -0.1969 0.0827, -0.6102 -0.1969 0.0827, -0.2362 -0.1969 0.0827, 0.6102 0.1969 0.0827, 0.2362 0.1969 0.0827, -0.6102 0.1969 0.0827, -0.2362 0.1969 0.0827, 0.6102 0.3543 0.0591, 0.6102 0.3346 0.0591, 0.5118 0.3543 0.0591, 0.4921 0.3346 0.0591, 0.5118 0.5118 0.0591, 0.4921 0.5315 0.0591, 0.5906 0.5118 0.0591, 0.5709 0.5315 0.0591, -0.5906 0.5118 0.0591, -0.5709 0.5315 0.0591, -0.5118 0.5118 0.0591, -0.4921 0.5315 0.0591, -0.5118 0.3543 0.0591, -0.4921 0.3346 0.0591, -0.6102 0.3543 0.0591, -0.6102 0.3346 0.0591, 0.5906 -0.5118 0.0591, 0.5709 -0.5315 0.0591, 0.5118 -0.5118 0.0591, 0.4921 -0.5315 0.0591, 0.5118 -0.3543 0.0591, 0.4921 -0.3346 0.0591, 0.6102 -0.3543 0.0591, 0.6102 -0.3346 0.0591, -0.6102 -0.3543 0.0591, -0.6102 -0.3346 0.0591, -0.5118 -0.3543 0.0591, -0.4921 -0.3346 0.0591, -0.5118 -0.5118 0.0591, -0.4921 -0.5315 0.0591, -0.5906 -0.5118 0.0591, -0.5709 -0.5315 0.0591, -0.6102 -0.3937 0.0591, -0.6102 -0.4921 0.0591, -0.6102 -0.3937 0.2795, -0.6102 -0.4921 0.2992, -0.6102 -0.3937 0.2992, 0.3658 0.5255 0.2992, 0.388 0.5216 0.2992, 0.4921 0.6102 0.2992, 0.5018 0.4231 0.2992, 0.5147 0.4047 0.2992, 0.6102 0.4921 0.2992, 0.5228 0.3836 0.2992, 0.5256 0.3611 0.2992, -0.4047 0.5147 0.2992, -0.4921 0.6102 0.2992, -0.5906 0.3937 0.2992, -0.6102 0.4921 0.2992, -0.6102 0.3937 0.2992, -0.5906 -0.3937 0.2992, -0.4086 -0.5125 0.2992, -0.4265 -0.4985 0.2992, -0.5255 0.3658 0.2992, -0.5216 0.388 0.2992, -0.5125 0.4086 0.2992, -0.4985 0.4265 0.2992, 0.5255 -0.3658 0.2992, 0.5216 -0.388 0.2992, 0.5906 -0.3937 0.2992, 0.5125 -0.4086 0.2992, 0.4985 -0.4265 0.2992, -0.4985 -0.4265 0.2992, -0.5018 -0.4231 0.2992, -0.5147 -0.4047 0.2992, -0.4265 0.4985 0.2992, -0.4231 0.5018 0.2992, 0.4047 -0.5147 0.2992, 0.4921 -0.6102 0.2992, 0.6102 -0.4921 0.2992, 0.6102 -0.3937 0.2992, 0.4265 -0.4985 0.2992, 0.4231 -0.5018 0.2992, -0.3836 0.5228 0.2992, -0.3611 0.5256 0.2992, 0.3611 0.5256 0.2992, 0.4086 0.5125 0.2992, 0.4265 0.4985 0.2992, 0.4985 0.4265 0.2992, -0.3658 -0.5255 0.2992, -0.388 -0.5216 0.2992, -0.4921 -0.6102 0.2992, 0.6102 0.3937 0.2992, 0.5906 0.3937 0.2992, 0.5256 -0.3611 0.2992, -0.5228 -0.3836 0.2992, -0.5256 -0.3611 0.2992, -0.5256 0.3611 0.2992, 0.3836 -0.5228 0.2992, 0.3611 -0.5256 0.2992, -0.3611 -0.5256 0.2992, 0.3611 -0.4516 0.351, -0.3611 -0.4516 0.351, 0.3611 -0.4603 0.3339, -0.3611 -0.4603 0.3339, 0.3611 -0.4729 0.3194, -0.3611 -0.4729 0.3194, 0.3611 -0.4886 0.3084, -0.3611 -0.4886 0.3084, 0.3611 -0.5065 0.3016, -0.3611 -0.5065 0.3016, 0.3791 -0.5047 0.3015, 0.3661 -0.4516 0.3494, 0.3659 -0.4517 0.3494, 0.368 -0.4603 0.3328, 0.3794 -0.4535 0.3336, 0.3743 -0.4579 0.3326, 0.3802 -0.469 0.3187, 0.3803 -0.4523 0.3339, 0.3742 -0.4462 0.351, 0.3736 -0.447 0.3506, 0.3892 -0.4612 0.3194, 0.3879 -0.4628 0.3192, 0.4004 -0.4724 0.3084, 0.3984 -0.4745 0.3083, 0.413 -0.485 0.3016, 0.4104 -0.4877 0.3015, 0.3875 -0.4827 0.3081, 0.3958 -0.4983 0.3015, 0.3706 -0.4497 0.3494, 0.3701 -0.4501 0.3492, 0.3711 -0.4725 0.3187, 0.3748 -0.4876 0.3081, 0.4462 -0.3742 0.351, 0.4523 -0.3803 0.3339, 0.4612 -0.3892 0.3194, 0.4724 -0.4004 0.3084, 0.485 -0.413 0.3016, 0.4965 -0.399 0.3015, 0.4497 -0.3706 0.3494, 0.4496 -0.3709 0.3494, 0.4572 -0.3754 0.3328, 0.4605 -0.3626 0.3336, 0.46 -0.3693 0.3326, 0.472 -0.373 0.3187, 0.4603 -0.3611 0.3339, 0.4516 -0.3611 0.351, 0.4517 -0.3621 0.3506, 0.4729 -0.3611 0.3194, 0.4731 -0.3632 0.3192, 0.4886 -0.3611 0.3084, 0.4887 -0.364 0.3083, 0.5065 -0.3611 0.3016, 0.5065 -0.3649 0.3015, 0.4869 -0.3775 0.3081, 0.5038 -0.3826 0.3015, 0.4515 -0.3661 0.3494, 0.4515 -0.3668 0.3492, 0.468 -0.3819 0.3187, 0.4813 -0.3899 0.3081, 0.4516 0.3611 0.351, 0.4603 0.3611 0.3339, 0.4729 0.3611 0.3194, 0.4886 0.3611 0.3084, 0.5065 0.3611 0.3016, 0.5047 0.3791 0.3015, 0.4516 0.3661 0.3494, 0.4517 0.3659 0.3494, 0.4603 0.368 0.3328, 0.4535 0.3794 0.3336, 0.4579 0.3743 0.3326, 0.469 0.3802 0.3187, 0.4523 0.3803 0.3339, 0.4462 0.3742 0.351, 0.447 0.3736 0.3506, 0.4612 0.3892 0.3194, 0.4628 0.3879 0.3192, 0.4724 0.4004 0.3084, 0.4745 0.3984 0.3083, 0.485 0.413 0.3016, 0.4877 0.4104 0.3015, 0.4827 0.3875 0.3081, 0.4983 0.3958 0.3015, 0.4497 0.3706 0.3494, 0.4501 0.3701 0.3492, 0.4725 0.3711 0.3187, 0.4876 0.3748 0.3081, 0.3742 0.4462 0.351, 0.3803 0.4523 0.3339, 0.3892 0.4612 0.3194, 0.4004 0.4724 0.3084, 0.413 0.485 0.3016, 0.399 0.4965 0.3015, 0.3706 0.4497 0.3494, 0.3709 0.4496 0.3494, 0.3754 0.4572 0.3328, 0.3626 0.4605 0.3336, 0.3693 0.46 0.3326, 0.373 0.472 0.3187, 0.3611 0.4603 0.3339, 0.3611 0.4516 0.351, 0.3621 0.4517 0.3506, 0.3611 0.4729 0.3194, 0.3632 0.4731 0.3192, 0.3611 0.4886 0.3084, 0.364 0.4887 0.3083, 0.3611 0.5065 0.3016, 0.3649 0.5065 0.3015, 0.3775 0.4869 0.3081, 0.3826 0.5038 0.3015, 0.3661 0.4515 0.3494, 0.3668 0.4515 0.3492, 0.3819 0.468 0.3187, 0.3899 0.4813 0.3081, -0.3611 0.4516 0.351, -0.3611 0.4603 0.3339, -0.3611 0.4729 0.3194, -0.3611 0.4886 0.3084, -0.3611 0.5065 0.3016, -0.3791 0.5047 0.3015, -0.3661 0.4516 0.3494, -0.3659 0.4517 0.3494, -0.368 0.4603 0.3328, -0.3794 0.4535 0.3336, -0.3743 0.4579 0.3326, -0.3802 0.469 0.3187, -0.3803 0.4523 0.3339, -0.3742 0.4462 0.351, -0.3736 0.447 0.3506, -0.3892 0.4612 0.3194, -0.3879 0.4628 0.3192, -0.4004 0.4724 0.3084, -0.3984 0.4745 0.3083, -0.413 0.485 0.3016, -0.4104 0.4877 0.3015, -0.3875 0.4827 0.3081, -0.3958 0.4983 0.3015, -0.3706 0.4497 0.3494, -0.3701 0.4501 0.3492, -0.3711 0.4725 0.3187, -0.3748 0.4876 0.3081, -0.4462 0.3742 0.351, -0.4523 0.3803 0.3339, -0.4612 0.3892 0.3194, -0.4724 0.4004 0.3084, -0.485 0.413 0.3016, -0.4965 0.399 0.3015, -0.4497 0.3706 0.3494, -0.4496 0.3709 0.3494, -0.4572 0.3754 0.3328, -0.4605 0.3626 0.3336, -0.46 0.3693 0.3326, -0.472 0.373 0.3187, -0.4603 0.3611 0.3339, -0.4516 0.3611 0.351, -0.4517 0.3621 0.3506, -0.4729 0.3611 0.3194, -0.4731 0.3632 0.3192, -0.4886 0.3611 0.3084, -0.4887 0.364 0.3083, -0.5065 0.3611 0.3016, -0.5065 0.3649 0.3015, -0.4869 0.3775 0.3081, -0.5038 0.3826 0.3015, -0.4515 0.3661 0.3494, -0.4515 0.3668 0.3492, -0.468 0.3819 0.3187, -0.4813 0.3899 0.3081, -0.4516 -0.3611 0.351, -0.4603 -0.3611 0.3339, -0.4729 -0.3611 0.3194, -0.4886 -0.3611 0.3084, -0.5065 -0.3611 0.3016, -0.5047 -0.3791 0.3015, -0.4516 -0.3661 0.3494, -0.4517 -0.3659 0.3494, -0.4603 -0.368 0.3328, -0.4535 -0.3794 0.3336, -0.4579 -0.3743 0.3326, -0.469 -0.3802 0.3187, -0.4523 -0.3803 0.3339, -0.4462 -0.3742 0.351, -0.447 -0.3736 0.3506, -0.4612 -0.3892 0.3194, -0.4628 -0.3879 0.3192, -0.4724 -0.4004 0.3084, -0.4745 -0.3984 0.3083, -0.485 -0.413 0.3016, -0.4877 -0.4104 0.3015, -0.4827 -0.3875 0.3081, -0.4983 -0.3958 0.3015, -0.4497 -0.3706 0.3494, -0.4501 -0.3701 0.3492, -0.4725 -0.3711 0.3187, -0.4876 -0.3748 0.3081, -0.3742 -0.4462 0.351, -0.3803 -0.4523 0.3339, -0.3892 -0.4612 0.3194, -0.4004 -0.4724 0.3084, -0.413 -0.485 0.3016, -0.399 -0.4965 0.3015, -0.3706 -0.4497 0.3494, -0.3709 -0.4496 0.3494, -0.3754 -0.4572 0.3328, -0.3626 -0.4605 0.3336, -0.3693 -0.46 0.3326, -0.373 -0.472 0.3187, -0.3621 -0.4517 0.3506, -0.3632 -0.4731 0.3192, -0.364 -0.4887 0.3083, -0.3649 -0.5065 0.3015, -0.3775 -0.4869 0.3081, -0.3826 -0.5038 0.3015, -0.3661 -0.4515 0.3494, -0.3668 -0.4515 0.3492, -0.3819 -0.468 0.3187, -0.3899 -0.4813 0.3081, -0.5956 0.3937 0.2985, -0.5956 -0.3937 0.2985, -0.6004 0.3937 0.2966, -0.6004 -0.3937 0.2966, -0.6045 0.3937 0.2934, -0.6045 -0.3937 0.2934, -0.6076 0.3937 0.2894, -0.6076 -0.3937 0.2894, -0.6096 0.3937 0.2846, -0.6096 -0.3937 0.2846, -0.6102 0.3937 0.2795, 0.6045 0.3937 0.2934, 0.6076 0.3937 0.2894, 0.6096 0.3937 0.2846, 0.6102 0.3937 0.2795, 0.5956 0.3937 0.2985, 0.6004 0.3937 0.2966, 0.6102 -0.3937 0.2795, 0.6096 -0.3937 0.2846, 0.6076 -0.3937 0.2894, 0.6045 -0.3937 0.2934, 0.6004 -0.3937 0.2966, 0.5956 -0.3937 0.2985, 0.3531 -0.4322 0.4044, -0.3531 -0.4322 0.4044, 0.3566 -0.4316 0.4047, 0.3578 -0.4314 0.4048, 0.36 -0.4305 0.4048, 0.3622 -0.4296 0.4048, 0.3632 -0.4289 0.4047, 0.3661 -0.4268 0.4044, 0.4268 -0.3661 0.4044, 0.4289 -0.3632 0.4047, 0.4296 -0.3622 0.4048, 0.4305 -0.36 0.4048, 0.4314 -0.3578 0.4048, 0.4316 -0.3566 0.4047, 0.4322 -0.3531 0.4044, 0.4322 0.3531 0.4044, 0.4316 0.3566 0.4047, 0.4314 0.3578 0.4048, 0.4305 0.36 0.4048, 0.4296 0.3622 0.4048, 0.4289 0.3632 0.4047, 0.4268 0.3661 0.4044, 0.3661 0.4268 0.4044, 0.3632 0.4289 0.4047, 0.3622 0.4296 0.4048, 0.36 0.4305 0.4048, 0.3578 0.4314 0.4048, 0.3566 0.4316 0.4047, 0.3531 0.4322 0.4044, -0.3531 0.4322 0.4044, -0.3566 0.4316 0.4047, -0.3578 0.4314 0.4048, -0.36 0.4305 0.4048, -0.3622 0.4296 0.4048, -0.3632 0.4289 0.4047, -0.3661 0.4268 0.4044, -0.4268 0.3661 0.4044, -0.4289 0.3632 0.4047, -0.4296 0.3622 0.4048, -0.4305 0.36 0.4048, -0.4314 0.3578 0.4048, -0.4316 0.3566 0.4047, -0.4322 0.3531 0.4044, -0.4322 -0.3531 0.4044, -0.4316 -0.3566 0.4047, -0.4314 -0.3578 0.4048, -0.4305 -0.36 0.4048, -0.4296 -0.3622 0.4048, -0.4289 -0.3632 0.4047, -0.4268 -0.3661 0.4044, -0.3661 -0.4268 0.4044, -0.3578 -0.4314 0.4048, -0.3578 -0.4314 0.4048, -0.3622 -0.4296 0.4048, -0.3622 -0.4296 0.4048, -0.3531 -0.4301 0.4085, 0.3531 -0.4301 0.4085, -0.3531 -0.43 0.4086, 0.3531 -0.43 0.4086, -0.3531 -0.4269 0.4122, 0.3531 -0.4269 0.4122, -0.3531 -0.4269 0.4123, 0.3531 -0.4269 0.4123, -0.3531 -0.423 0.415, 0.3531 -0.423 0.415, -0.3531 -0.4229 0.415, 0.3531 -0.4229 0.415, -0.3531 -0.4185 0.4167, 0.3531 -0.4185 0.4167, -0.3531 -0.4184 0.4167, 0.3531 -0.4184 0.4167, 0.3531 -0.4137 0.4173, -0.3531 -0.4137 0.4173, 0.354 -0.4184 0.4167, 0.3549 -0.4181 0.4167, 0.3622 -0.4273 0.4085, 0.3593 -0.4288 0.4085, 0.3563 -0.4298 0.4085, 0.3624 -0.423 0.4123, 0.3596 -0.4203 0.415, 0.3582 -0.4214 0.415, 0.3596 -0.4202 0.415, 0.3549 -0.4228 0.415, 0.3566 -0.4223 0.415, 0.3557 -0.4177 0.4167, 0.3564 -0.4171 0.4167, 0.3646 -0.4252 0.4086, 0.3624 -0.423 0.4122, 0.3604 -0.4247 0.4122, 0.3581 -0.4259 0.4122, 0.3556 -0.4267 0.4122, 0.3564 -0.4171 0.4167, 0.3646 -0.4253 0.4085, 0.4253 -0.3646 0.4085, 0.4252 -0.3646 0.4086, 0.423 -0.3624 0.4122, 0.423 -0.3624 0.4123, 0.4203 -0.3596 0.415, 0.4202 -0.3596 0.415, 0.4171 -0.3564 0.4167, 0.4171 -0.3564 0.4167, 0.4137 -0.3531 0.4173, 0.4177 -0.3557 0.4167, 0.4181 -0.3549 0.4167, 0.4298 -0.3563 0.4085, 0.4288 -0.3593 0.4085, 0.4273 -0.3622 0.4085, 0.4269 -0.3531 0.4123, 0.423 -0.3531 0.415, 0.4228 -0.3549 0.415, 0.4229 -0.3531 0.415, 0.4214 -0.3582 0.415, 0.4223 -0.3566 0.415, 0.4184 -0.354 0.4167, 0.4185 -0.3531 0.4167, 0.43 -0.3531 0.4086, 0.4269 -0.3531 0.4122, 0.4267 -0.3556 0.4122, 0.4259 -0.3581 0.4122, 0.4247 -0.3604 0.4122, 0.4184 -0.3531 0.4167, 0.4301 -0.3531 0.4085, 0.4301 0.3531 0.4085, 0.43 0.3531 0.4086, 0.4269 0.3531 0.4122, 0.4269 0.3531 0.4123, 0.423 0.3531 0.415, 0.4229 0.3531 0.415, 0.4185 0.3531 0.4167, 0.4184 0.3531 0.4167, 0.4137 0.3531 0.4173, 0.4184 0.354 0.4167, 0.4181 0.3549 0.4167, 0.4273 0.3622 0.4085, 0.4288 0.3593 0.4085, 0.4298 0.3563 0.4085, 0.423 0.3624 0.4123, 0.4203 0.3596 0.415, 0.4214 0.3582 0.415, 0.4202 0.3596 0.415, 0.4228 0.3549 0.415, 0.4223 0.3566 0.415, 0.4177 0.3557 0.4167, 0.4171 0.3564 0.4167, 0.4252 0.3646 0.4086, 0.423 0.3624 0.4122, 0.4247 0.3604 0.4122, 0.4259 0.3581 0.4122, 0.4267 0.3556 0.4122, 0.4171 0.3564 0.4167, 0.4253 0.3646 0.4085, 0.3646 0.4253 0.4085, 0.3646 0.4252 0.4086, 0.3624 0.423 0.4122, 0.3624 0.423 0.4123, 0.3596 0.4203 0.415, 0.3596 0.4202 0.415, 0.3564 0.4171 0.4167, 0.3564 0.4171 0.4167, 0.3531 0.4137 0.4173, 0.3557 0.4177 0.4167, 0.3549 0.4181 0.4167, 0.3563 0.4298 0.4085, 0.3593 0.4288 0.4085, 0.3622 0.4273 0.4085, 0.3531 0.4269 0.4123, 0.3531 0.423 0.415, 0.3549 0.4228 0.415, 0.3531 0.4229 0.415, 0.3582 0.4214 0.415, 0.3566 0.4223 0.415, 0.354 0.4184 0.4167, 0.3531 0.4185 0.4167, 0.3531 0.43 0.4086, 0.3531 0.4269 0.4122, 0.3556 0.4267 0.4122, 0.3581 0.4259 0.4122, 0.3604 0.4247 0.4122, 0.3531 0.4184 0.4167, 0.3531 0.4301 0.4085, -0.3531 0.4301 0.4085, -0.3531 0.43 0.4086, -0.3531 0.4269 0.4122, -0.3531 0.4269 0.4123, -0.3531 0.423 0.415, -0.3531 0.4229 0.415, -0.3531 0.4185 0.4167, -0.3531 0.4184 0.4167, -0.3531 0.4137 0.4173, -0.354 0.4184 0.4167, -0.3549 0.4181 0.4167, -0.3622 0.4273 0.4085, -0.3593 0.4288 0.4085, -0.3563 0.4298 0.4085, -0.3624 0.423 0.4123, -0.3596 0.4203 0.415, -0.3582 0.4214 0.415, -0.3596 0.4202 0.415, -0.3549 0.4228 0.415, -0.3566 0.4223 0.415, -0.3557 0.4177 0.4167, -0.3564 0.4171 0.4167, -0.3646 0.4252 0.4086, -0.3624 0.423 0.4122, -0.3604 0.4247 0.4122, -0.3581 0.4259 0.4122, -0.3556 0.4267 0.4122, -0.3564 0.4171 0.4167, -0.3646 0.4253 0.4085, -0.4253 0.3646 0.4085, -0.4252 0.3646 0.4086, -0.423 0.3624 0.4122, -0.423 0.3624 0.4123, -0.4203 0.3596 0.415, -0.4202 0.3596 0.415, -0.4171 0.3564 0.4167, -0.4171 0.3564 0.4167, -0.4137 0.3531 0.4173, -0.4177 0.3557 0.4167, -0.4181 0.3549 0.4167, -0.4298 0.3563 0.4085, -0.4288 0.3593 0.4085, -0.4273 0.3622 0.4085, -0.4269 0.3531 0.4123, -0.423 0.3531 0.415, -0.4228 0.3549 0.415, -0.4229 0.3531 0.415, -0.4214 0.3582 0.415, -0.4223 0.3566 0.415, -0.4184 0.354 0.4167, -0.4185 0.3531 0.4167, -0.43 0.3531 0.4086, -0.4269 0.3531 0.4122, -0.4267 0.3556 0.4122, -0.4259 0.3581 0.4122, -0.4247 0.3604 0.4122, -0.4184 0.3531 0.4167, -0.4301 0.3531 0.4085, -0.4301 -0.3531 0.4085, -0.43 -0.3531 0.4086, -0.4269 -0.3531 0.4122, -0.4269 -0.3531 0.4123, -0.423 -0.3531 0.415, -0.4229 -0.3531 0.415, -0.4185 -0.3531 0.4167, -0.4184 -0.3531 0.4167, -0.4137 -0.3531 0.4173, -0.4184 -0.354 0.4167, -0.4181 -0.3549 0.4167, -0.4273 -0.3622 0.4085, -0.4288 -0.3593 0.4085, -0.4298 -0.3563 0.4085, -0.423 -0.3624 0.4123, -0.4203 -0.3596 0.415, -0.4214 -0.3582 0.415, -0.4202 -0.3596 0.415, -0.4228 -0.3549 0.415, -0.4223 -0.3566 0.415, -0.4177 -0.3557 0.4167, -0.4171 -0.3564 0.4167, -0.4252 -0.3646 0.4086, -0.423 -0.3624 0.4122, -0.4247 -0.3604 0.4122, -0.4259 -0.3581 0.4122, -0.4267 -0.3556 0.4122, -0.4171 -0.3564 0.4167, -0.4253 -0.3646 0.4085, -0.3646 -0.4253 0.4085, -0.3646 -0.4252 0.4086, -0.3624 -0.423 0.4122, -0.3624 -0.423 0.4123, -0.3596 -0.4203 0.415, -0.3596 -0.4202 0.415, -0.3564 -0.4171 0.4167, -0.3564 -0.4171 0.4167, -0.3612 -0.4279 0.4085, -0.3573 -0.4295 0.4085, -0.3543 -0.4183 0.4167, -0.3555 -0.4178 0.4167, -0.3555 -0.4227 0.415, -0.3577 -0.4217 0.415, -0.3565 -0.4265 0.4122, -0.3597 -0.4252 0.4122, -0.1634 0.283 0.4173, -0.1118 0.3071 0.4173, 0.283 0.1634 0.4173, 0.3071 0.1118 0.4173, 0.3218 0.0567 0.4173, 0.3268 0.0 0.4173, 0.3218 -0.0567 0.4173, 0.3071 -0.1118 0.4173, 0.1634 -0.283 0.4173, 0.1118 -0.3071 0.4173, 0.283 -0.1634 0.4173, 0.2503 -0.21 0.4173, 0.21 -0.2503 0.4173, -0.0567 0.3218 0.4173, 0.0 0.3268 0.4173, 0.0567 0.3218 0.4173, 0.1118 0.3071 0.4173, 0.0567 -0.3218 0.4173, 0.0 -0.3268 0.4173, -0.0567 -0.3218 0.4173, -0.1118 -0.3071 0.4173, 0.1634 0.283 0.4173, 0.21 0.2503 0.4173, 0.2503 0.21 0.4173, -0.283 -0.1634 0.4173, -0.3071 -0.1118 0.4173, -0.3071 0.1118 0.4173, -0.283 0.1634 0.4173, -0.2503 0.21 0.4173, -0.21 0.2503 0.4173, -0.1634 -0.283 0.4173, -0.21 -0.2503 0.4173, -0.2503 -0.21 0.4173, -0.3218 -0.0567 0.4173, -0.3268 0.0 0.4173, -0.3218 0.0567 0.4173, 0.6102 0.4921 0.0591, -0.6102 0.4921 0.0591, 0.6102 -0.4921 0.0591, 0.6102 -0.3937 0.0591
            ]
        }
        coordIndex [
            0,1,2,-1,3,4,5,-1,5,4,6,-1,7,8,9,-1,9,8,10,-1,11,12,10,-1,10,12,13,-1,10,13,14,-1,1,15,2,-1,2,15,16,-1,2,16,17,-1,18,19,2,-1,2,19,20,-1,21,22,23,-1,23,22,24,-1,20,25,2,-1,2,25,24,-1,2,24,26,-1,26,24,22,-1,27,28,29,-1,29,28,30,-1,17,31,2,-1,2,31,32,-1,2,32,18,-1,33,34,35,-1,35,34,36,-1,35,36,6,-1,0,2,37,-1,37,2,5,-1,37,5,38,-1,38,5,6,-1,38,6,39,-1,40,41,14,-1,14,41,6,-1,14,6,10,-1,10,6,36,-1,10,36,9,-1,27,42,28,-1,28,42,43,-1,28,43,44,-1,44,43,45,-1,44,45,46,-1,41,47,6,-1,6,47,48,-1,6,48,49,-1,45,50,46,-1,46,50,51,-1,46,51,14,-1,14,51,52,-1,14,52,40,-1,49,53,6,-1,6,53,54,-1,6,54,39,-1,55,56,57,-1,57,58,55,-1,55,58,59,-1,55,59,60,-1,61,62,59,-1,59,62,63,-1,59,63,60,-1,3,64,4,-1,4,64,65,-1,4,65,60,-1,60,65,66,-1,60,66,55,-1,55,66,67,-1,55,67,11,-1,11,67,30,-1,11,30,12,-1,12,30,28,-1,68,69,70,-1,70,69,71,-1,72,73,4,-1,4,73,74,-1,4,74,6,-1,6,74,75,-1,76,77,78,-1,78,77,79,-1,78,79,80,-1,81,82,83,-1,84,85,86,-1,87,88,83,-1,83,88,89,-1,83,89,70,-1,90,91,92,-1,93,94,92,-1,92,94,95,-1,92,95,90,-1,90,95,72,-1,90,72,96,-1,96,72,4,-1,96,4,97,-1,84,70,75,-1,75,70,71,-1,75,71,6,-1,83,82,98,-1,98,82,99,-1,98,99,100,-1,101,102,100,-1,100,102,103,-1,100,103,98,-1,98,103,78,-1,86,91,84,-1,84,91,90,-1,84,90,70,-1,70,90,104,-1,70,104,105,-1,106,107,81,-1,81,107,108,-1,81,108,78,-1,78,108,109,-1,78,109,76,-1,105,110,70,-1,70,110,111,-1,70,111,83,-1,83,111,112,-1,83,112,81,-1,81,112,113,-1,81,113,106,-1,114,115,116,-1,116,115,117,-1,116,117,118,-1,119,120,121,-1,121,120,118,-1,121,118,60,-1,60,118,117,-1,60,117,4,-1,4,117,98,-1,4,98,97,-1,97,98,78,-1,97,78,122,-1,122,78,80,-1,123,56,124,-1,124,56,55,-1,115,125,117,-1,117,125,126,-1,8,127,10,-1,10,127,128,-1,129,87,130,-1,130,87,83,-1,128,127,124,-1,124,127,123,-1,126,125,130,-1,130,125,129,-1,131,132,133,-1,133,132,134,-1,133,134,135,-1,135,134,136,-1,135,136,137,-1,137,136,138,-1,139,140,141,-1,141,140,142,-1,141,142,143,-1,143,142,144,-1,143,144,145,-1,145,144,146,-1,147,148,149,-1,149,148,150,-1,149,150,151,-1,151,150,152,-1,151,152,153,-1,153,152,154,-1,155,156,157,-1,157,156,158,-1,157,158,159,-1,159,158,160,-1,159,160,161,-1,161,160,162,-1,163,164,165,-1,165,164,166,-1,165,166,167,-1,168,169,170,-1,171,172,173,-1,173,172,174,-1,173,174,175,-1,176,177,178,-1,178,177,179,-1,178,179,180,-1,181,182,183,-1,184,185,178,-1,178,185,186,-1,178,186,187,-1,188,189,190,-1,190,189,191,-1,190,191,192,-1,183,193,181,-1,181,193,194,-1,181,194,195,-1,187,196,178,-1,178,196,197,-1,178,197,176,-1,198,199,190,-1,190,199,200,-1,190,200,201,-1,192,202,190,-1,190,202,203,-1,190,203,198,-1,176,204,177,-1,177,204,205,-1,177,205,170,-1,170,205,206,-1,170,206,168,-1,169,207,170,-1,170,207,208,-1,170,208,173,-1,173,208,209,-1,173,209,171,-1,210,211,212,-1,212,211,182,-1,212,182,166,-1,166,182,181,-1,166,181,167,-1,213,173,214,-1,214,173,175,-1,214,175,190,-1,190,175,215,-1,190,215,188,-1,195,216,181,-1,181,216,217,-1,181,217,178,-1,178,217,218,-1,178,218,184,-1,198,219,199,-1,199,219,220,-1,199,220,212,-1,212,220,221,-1,212,221,210,-1,222,223,224,-1,224,223,225,-1,224,225,226,-1,226,225,227,-1,226,227,228,-1,228,227,229,-1,228,229,230,-1,230,229,231,-1,230,231,220,-1,220,231,221,-1,232,219,198,-1,233,234,235,-1,236,237,238,-1,239,240,241,-1,239,236,242,-1,242,236,243,-1,242,243,244,-1,244,243,245,-1,244,245,246,-1,246,245,247,-1,246,247,202,-1,236,238,243,-1,243,238,248,-1,243,248,245,-1,245,248,249,-1,245,249,247,-1,247,249,203,-1,247,203,202,-1,239,241,236,-1,236,241,250,-1,236,250,237,-1,237,250,251,-1,237,251,233,-1,233,235,237,-1,237,235,252,-1,237,252,238,-1,238,252,253,-1,238,253,248,-1,248,253,232,-1,248,232,249,-1,249,232,198,-1,249,198,203,-1,220,219,230,-1,230,219,232,-1,230,232,228,-1,228,232,253,-1,228,253,226,-1,226,253,252,-1,226,252,224,-1,224,252,235,-1,224,235,222,-1,222,235,234,-1,254,240,255,-1,255,240,239,-1,255,239,256,-1,256,239,242,-1,256,242,257,-1,257,242,244,-1,257,244,258,-1,258,244,246,-1,258,246,192,-1,192,246,202,-1,259,191,189,-1,260,261,262,-1,263,264,265,-1,266,267,268,-1,266,263,269,-1,269,263,270,-1,269,270,271,-1,271,270,272,-1,271,272,273,-1,273,272,274,-1,273,274,215,-1,263,265,270,-1,270,265,275,-1,270,275,272,-1,272,275,276,-1,272,276,274,-1,274,276,188,-1,274,188,215,-1,266,268,263,-1,263,268,277,-1,263,277,264,-1,264,277,278,-1,264,278,260,-1,260,262,264,-1,264,262,279,-1,264,279,265,-1,265,279,280,-1,265,280,275,-1,275,280,259,-1,275,259,276,-1,276,259,189,-1,276,189,188,-1,192,191,258,-1,258,191,259,-1,258,259,257,-1,257,259,280,-1,257,280,256,-1,256,280,279,-1,256,279,255,-1,255,279,262,-1,255,262,254,-1,254,262,261,-1,281,267,282,-1,282,267,266,-1,282,266,283,-1,283,266,269,-1,283,269,284,-1,284,269,271,-1,284,271,285,-1,285,271,273,-1,285,273,175,-1,175,273,215,-1,286,174,172,-1,287,288,289,-1,290,291,292,-1,293,294,295,-1,293,290,296,-1,296,290,297,-1,296,297,298,-1,298,297,299,-1,298,299,300,-1,300,299,301,-1,300,301,209,-1,290,292,297,-1,297,292,302,-1,297,302,299,-1,299,302,303,-1,299,303,301,-1,301,303,171,-1,301,171,209,-1,293,295,290,-1,290,295,304,-1,290,304,291,-1,291,304,305,-1,291,305,287,-1,287,289,291,-1,291,289,306,-1,291,306,292,-1,292,306,307,-1,292,307,302,-1,302,307,286,-1,302,286,303,-1,303,286,172,-1,303,172,171,-1,175,174,285,-1,285,174,286,-1,285,286,284,-1,284,286,307,-1,284,307,283,-1,283,307,306,-1,283,306,282,-1,282,306,289,-1,282,289,281,-1,281,289,288,-1,308,294,309,-1,309,294,293,-1,309,293,310,-1,310,293,296,-1,310,296,311,-1,311,296,298,-1,311,298,312,-1,312,298,300,-1,312,300,208,-1,208,300,209,-1,313,207,169,-1,314,315,316,-1,317,318,319,-1,320,321,322,-1,320,317,323,-1,323,317,324,-1,323,324,325,-1,325,324,326,-1,325,326,327,-1,327,326,328,-1,327,328,206,-1,317,319,324,-1,324,319,329,-1,324,329,326,-1,326,329,330,-1,326,330,328,-1,328,330,168,-1,328,168,206,-1,320,322,317,-1,317,322,331,-1,317,331,318,-1,318,331,332,-1,318,332,314,-1,314,316,318,-1,318,316,333,-1,318,333,319,-1,319,333,334,-1,319,334,329,-1,329,334,313,-1,329,313,330,-1,330,313,169,-1,330,169,168,-1,208,207,312,-1,312,207,313,-1,312,313,311,-1,311,313,334,-1,311,334,310,-1,310,334,333,-1,310,333,309,-1,309,333,316,-1,309,316,308,-1,308,316,315,-1,335,321,336,-1,336,321,320,-1,336,320,337,-1,337,320,323,-1,337,323,338,-1,338,323,325,-1,338,325,339,-1,339,325,327,-1,339,327,205,-1,205,327,206,-1,340,204,176,-1,341,342,343,-1,344,345,346,-1,347,348,349,-1,347,344,350,-1,350,344,351,-1,350,351,352,-1,352,351,353,-1,352,353,354,-1,354,353,355,-1,354,355,196,-1,344,346,351,-1,351,346,356,-1,351,356,353,-1,353,356,357,-1,353,357,355,-1,355,357,197,-1,355,197,196,-1,347,349,344,-1,344,349,358,-1,344,358,345,-1,345,358,359,-1,345,359,341,-1,341,343,345,-1,345,343,360,-1,345,360,346,-1,346,360,361,-1,346,361,356,-1,356,361,340,-1,356,340,357,-1,357,340,176,-1,357,176,197,-1,205,204,339,-1,339,204,340,-1,339,340,338,-1,338,340,361,-1,338,361,337,-1,337,361,360,-1,337,360,336,-1,336,360,343,-1,336,343,335,-1,335,343,342,-1,362,348,363,-1,363,348,347,-1,363,347,364,-1,364,347,350,-1,364,350,365,-1,365,350,352,-1,365,352,366,-1,366,352,354,-1,366,354,187,-1,187,354,196,-1,367,186,185,-1,368,369,370,-1,371,372,373,-1,374,375,376,-1,374,371,377,-1,377,371,378,-1,377,378,379,-1,379,378,380,-1,379,380,381,-1,381,380,382,-1,381,382,218,-1,371,373,378,-1,378,373,383,-1,378,383,380,-1,380,383,384,-1,380,384,382,-1,382,384,184,-1,382,184,218,-1,374,376,371,-1,371,376,385,-1,371,385,372,-1,372,385,386,-1,372,386,368,-1,368,370,372,-1,372,370,387,-1,372,387,373,-1,373,387,388,-1,373,388,383,-1,383,388,367,-1,383,367,384,-1,384,367,185,-1,384,185,184,-1,187,186,366,-1,366,186,367,-1,366,367,365,-1,365,367,388,-1,365,388,364,-1,364,388,387,-1,364,387,363,-1,363,387,370,-1,363,370,362,-1,362,370,369,-1,389,375,390,-1,390,375,374,-1,390,374,391,-1,391,374,377,-1,391,377,392,-1,392,377,379,-1,392,379,393,-1,393,379,381,-1,393,381,217,-1,217,381,218,-1,394,216,195,-1,395,396,397,-1,398,399,400,-1,401,402,403,-1,401,398,404,-1,404,398,405,-1,404,405,406,-1,406,405,407,-1,406,407,408,-1,408,407,409,-1,408,409,193,-1,398,400,405,-1,405,400,410,-1,405,410,407,-1,407,410,411,-1,407,411,409,-1,409,411,194,-1,409,194,193,-1,401,403,398,-1,398,403,412,-1,398,412,399,-1,399,412,413,-1,399,413,395,-1,395,397,399,-1,399,397,414,-1,399,414,400,-1,400,414,415,-1,400,415,410,-1,410,415,394,-1,410,394,411,-1,411,394,195,-1,411,195,194,-1,217,216,393,-1,393,216,394,-1,393,394,392,-1,392,394,415,-1,392,415,391,-1,391,415,414,-1,391,414,390,-1,390,414,397,-1,390,397,389,-1,389,397,396,-1,416,402,417,-1,417,402,401,-1,417,401,418,-1,418,401,404,-1,418,404,419,-1,419,404,406,-1,419,406,420,-1,420,406,408,-1,420,408,183,-1,183,408,193,-1,421,182,211,-1,422,423,424,-1,425,426,427,-1,225,223,428,-1,225,425,227,-1,227,425,429,-1,227,429,229,-1,229,429,430,-1,229,430,231,-1,231,430,431,-1,231,431,221,-1,425,427,429,-1,429,427,432,-1,429,432,430,-1,430,432,433,-1,430,433,431,-1,431,433,210,-1,431,210,221,-1,225,428,425,-1,425,428,434,-1,425,434,426,-1,426,434,435,-1,426,435,422,-1,422,424,426,-1,426,424,436,-1,426,436,427,-1,427,436,437,-1,427,437,432,-1,432,437,421,-1,432,421,433,-1,433,421,211,-1,433,211,210,-1,183,182,420,-1,420,182,421,-1,420,421,419,-1,419,421,437,-1,419,437,418,-1,418,437,436,-1,418,436,417,-1,417,436,424,-1,417,424,416,-1,416,424,423,-1,181,178,438,-1,181,438,439,-1,439,438,440,-1,439,440,441,-1,441,440,442,-1,441,442,443,-1,443,442,444,-1,443,444,445,-1,445,444,446,-1,445,446,447,-1,447,446,448,-1,447,448,165,-1,448,446,180,-1,180,446,444,-1,180,444,442,-1,442,440,180,-1,180,440,438,-1,180,438,178,-1,449,450,213,-1,213,450,451,-1,213,451,452,-1,214,453,213,-1,213,453,454,-1,213,454,449,-1,455,452,451,-1,455,451,456,-1,456,451,450,-1,456,450,457,-1,457,450,449,-1,457,449,458,-1,458,449,454,-1,458,454,459,-1,459,454,453,-1,459,453,460,-1,460,453,214,-1,460,214,190,-1,455,456,201,-1,201,456,457,-1,201,457,458,-1,458,459,201,-1,201,459,460,-1,201,460,190,-1,181,439,167,-1,167,439,441,-1,167,441,443,-1,443,445,167,-1,167,445,447,-1,167,447,165,-1,222,461,223,-1,223,461,462,-1,461,222,463,-1,463,222,234,-1,463,234,464,-1,464,234,233,-1,464,233,465,-1,465,233,251,-1,465,251,466,-1,466,251,250,-1,466,250,467,-1,467,250,241,-1,467,241,468,-1,468,241,240,-1,254,469,240,-1,240,469,468,-1,469,254,470,-1,470,254,261,-1,470,261,471,-1,471,261,260,-1,471,260,472,-1,472,260,278,-1,472,278,473,-1,473,278,277,-1,473,277,474,-1,474,277,268,-1,474,268,475,-1,475,268,267,-1,281,476,267,-1,267,476,475,-1,476,281,477,-1,477,281,288,-1,477,288,478,-1,478,288,287,-1,478,287,479,-1,479,287,305,-1,479,305,480,-1,480,305,304,-1,480,304,481,-1,481,304,295,-1,481,295,482,-1,482,295,294,-1,308,483,294,-1,294,483,482,-1,483,308,484,-1,484,308,315,-1,484,315,485,-1,485,315,314,-1,485,314,486,-1,486,314,332,-1,486,332,487,-1,487,332,331,-1,487,331,488,-1,488,331,322,-1,488,322,489,-1,489,322,321,-1,335,490,321,-1,321,490,489,-1,490,335,491,-1,491,335,342,-1,491,342,492,-1,492,342,341,-1,492,341,493,-1,493,341,359,-1,493,359,494,-1,494,359,358,-1,494,358,495,-1,495,358,349,-1,495,349,496,-1,496,349,348,-1,362,497,348,-1,348,497,496,-1,497,362,498,-1,498,362,369,-1,498,369,499,-1,499,369,368,-1,499,368,500,-1,500,368,386,-1,500,386,501,-1,501,386,385,-1,501,385,502,-1,502,385,376,-1,502,376,503,-1,503,376,375,-1,389,504,375,-1,375,504,503,-1,504,389,505,-1,505,389,396,-1,505,396,506,-1,506,396,395,-1,506,395,507,-1,507,395,413,-1,507,413,508,-1,508,413,412,-1,508,412,509,-1,509,412,403,-1,509,403,510,-1,510,403,402,-1,416,511,402,-1,402,511,510,-1,223,462,428,-1,428,462,512,-1,428,512,434,-1,434,512,435,-1,435,512,513,-1,435,513,422,-1,513,514,422,-1,422,514,515,-1,422,515,423,-1,423,515,511,-1,423,511,416,-1,462,461,516,-1,516,461,517,-1,516,517,518,-1,518,517,519,-1,518,519,520,-1,520,519,521,-1,520,521,522,-1,522,521,523,-1,522,523,524,-1,524,523,525,-1,524,525,526,-1,526,525,527,-1,526,527,528,-1,528,527,529,-1,528,529,530,-1,529,531,530,-1,530,531,532,-1,530,532,533,-1,532,534,535,-1,467,536,466,-1,466,536,537,-1,466,537,465,-1,465,537,464,-1,464,537,538,-1,464,538,463,-1,463,538,517,-1,463,517,461,-1,539,540,541,-1,541,540,542,-1,532,531,534,-1,534,531,529,-1,534,529,527,-1,527,543,534,-1,534,543,544,-1,534,544,535,-1,535,544,541,-1,535,541,545,-1,545,541,542,-1,545,542,546,-1,547,548,549,-1,549,548,539,-1,539,541,549,-1,549,541,544,-1,549,544,550,-1,550,544,543,-1,550,543,551,-1,545,532,535,-1,546,552,545,-1,545,552,532,-1,467,468,536,-1,536,468,553,-1,536,553,547,-1,527,525,543,-1,543,525,523,-1,543,523,551,-1,551,523,521,-1,551,521,519,-1,547,549,536,-1,536,549,550,-1,536,550,537,-1,537,550,551,-1,537,551,538,-1,538,551,519,-1,538,519,517,-1,468,469,553,-1,553,469,554,-1,553,554,547,-1,547,554,555,-1,547,555,548,-1,548,555,556,-1,548,556,539,-1,539,556,557,-1,539,557,540,-1,540,557,558,-1,540,558,542,-1,542,558,559,-1,542,559,546,-1,546,559,560,-1,546,560,552,-1,560,561,552,-1,552,561,562,-1,552,562,532,-1,562,563,564,-1,474,565,473,-1,473,565,566,-1,473,566,472,-1,472,566,471,-1,471,566,567,-1,471,567,470,-1,470,567,554,-1,470,554,469,-1,568,569,570,-1,570,569,571,-1,562,561,563,-1,563,561,560,-1,563,560,559,-1,559,572,563,-1,563,572,573,-1,563,573,564,-1,564,573,570,-1,564,570,574,-1,574,570,571,-1,574,571,575,-1,576,577,578,-1,578,577,568,-1,568,570,578,-1,578,570,573,-1,578,573,579,-1,579,573,572,-1,579,572,580,-1,574,562,564,-1,575,581,574,-1,574,581,562,-1,474,475,565,-1,565,475,582,-1,565,582,576,-1,559,558,572,-1,572,558,557,-1,572,557,580,-1,580,557,556,-1,580,556,555,-1,576,578,565,-1,565,578,579,-1,565,579,566,-1,566,579,580,-1,566,580,567,-1,567,580,555,-1,567,555,554,-1,475,476,582,-1,582,476,583,-1,582,583,576,-1,576,583,584,-1,576,584,577,-1,577,584,585,-1,577,585,568,-1,568,585,586,-1,568,586,569,-1,569,586,587,-1,569,587,571,-1,571,587,588,-1,571,588,575,-1,575,588,589,-1,575,589,581,-1,589,590,581,-1,581,590,591,-1,581,591,562,-1,591,592,593,-1,481,594,480,-1,480,594,595,-1,480,595,479,-1,479,595,478,-1,478,595,596,-1,478,596,477,-1,477,596,583,-1,477,583,476,-1,597,598,599,-1,599,598,600,-1,591,590,592,-1,592,590,589,-1,592,589,588,-1,588,601,592,-1,592,601,602,-1,592,602,593,-1,593,602,599,-1,593,599,603,-1,603,599,600,-1,603,600,604,-1,605,606,607,-1,607,606,597,-1,597,599,607,-1,607,599,602,-1,607,602,608,-1,608,602,601,-1,608,601,609,-1,603,591,593,-1,604,610,603,-1,603,610,591,-1,481,482,594,-1,594,482,611,-1,594,611,605,-1,588,587,601,-1,601,587,586,-1,601,586,609,-1,609,586,585,-1,609,585,584,-1,605,607,594,-1,594,607,608,-1,594,608,595,-1,595,608,609,-1,595,609,596,-1,596,609,584,-1,596,584,583,-1,482,483,611,-1,611,483,612,-1,611,612,605,-1,605,612,613,-1,605,613,606,-1,606,613,614,-1,606,614,597,-1,597,614,615,-1,597,615,598,-1,598,615,616,-1,598,616,600,-1,600,616,617,-1,600,617,604,-1,604,617,618,-1,604,618,610,-1,618,619,610,-1,610,619,620,-1,610,620,591,-1,620,621,622,-1,488,623,487,-1,487,623,624,-1,487,624,486,-1,486,624,485,-1,485,624,625,-1,485,625,484,-1,484,625,612,-1,484,612,483,-1,626,627,628,-1,628,627,629,-1,620,619,621,-1,621,619,618,-1,621,618,617,-1,617,630,621,-1,621,630,631,-1,621,631,622,-1,622,631,628,-1,622,628,632,-1,632,628,629,-1,632,629,633,-1,634,635,636,-1,636,635,626,-1,626,628,636,-1,636,628,631,-1,636,631,637,-1,637,631,630,-1,637,630,638,-1,632,620,622,-1,633,639,632,-1,632,639,620,-1,488,489,623,-1,623,489,640,-1,623,640,634,-1,617,616,630,-1,630,616,615,-1,630,615,638,-1,638,615,614,-1,638,614,613,-1,634,636,623,-1,623,636,637,-1,623,637,624,-1,624,637,638,-1,624,638,625,-1,625,638,613,-1,625,613,612,-1,489,490,640,-1,640,490,641,-1,640,641,634,-1,634,641,642,-1,634,642,635,-1,635,642,643,-1,635,643,626,-1,626,643,644,-1,626,644,627,-1,627,644,645,-1,627,645,629,-1,629,645,646,-1,629,646,633,-1,633,646,647,-1,633,647,639,-1,647,648,639,-1,639,648,649,-1,639,649,620,-1,649,650,651,-1,495,652,494,-1,494,652,653,-1,494,653,493,-1,493,653,492,-1,492,653,654,-1,492,654,491,-1,491,654,641,-1,491,641,490,-1,655,656,657,-1,657,656,658,-1,649,648,650,-1,650,648,647,-1,650,647,646,-1,646,659,650,-1,650,659,660,-1,650,660,651,-1,651,660,657,-1,651,657,661,-1,661,657,658,-1,661,658,662,-1,663,664,665,-1,665,664,655,-1,655,657,665,-1,665,657,660,-1,665,660,666,-1,666,660,659,-1,666,659,667,-1,661,649,651,-1,662,668,661,-1,661,668,649,-1,495,496,652,-1,652,496,669,-1,652,669,663,-1,646,645,659,-1,659,645,644,-1,659,644,667,-1,667,644,643,-1,667,643,642,-1,663,665,652,-1,652,665,666,-1,652,666,653,-1,653,666,667,-1,653,667,654,-1,654,667,642,-1,654,642,641,-1,496,497,669,-1,669,497,670,-1,669,670,663,-1,663,670,671,-1,663,671,664,-1,664,671,672,-1,664,672,655,-1,655,672,673,-1,655,673,656,-1,656,673,674,-1,656,674,658,-1,658,674,675,-1,658,675,662,-1,662,675,676,-1,662,676,668,-1,676,677,668,-1,668,677,678,-1,668,678,649,-1,678,679,680,-1,502,681,501,-1,501,681,682,-1,501,682,500,-1,500,682,499,-1,499,682,683,-1,499,683,498,-1,498,683,670,-1,498,670,497,-1,684,685,686,-1,686,685,687,-1,678,677,679,-1,679,677,676,-1,679,676,675,-1,675,688,679,-1,679,688,689,-1,679,689,680,-1,680,689,686,-1,680,686,690,-1,690,686,687,-1,690,687,691,-1,692,693,694,-1,694,693,684,-1,684,686,694,-1,694,686,689,-1,694,689,695,-1,695,689,688,-1,695,688,696,-1,690,678,680,-1,691,697,690,-1,690,697,678,-1,502,503,681,-1,681,503,698,-1,681,698,692,-1,675,674,688,-1,688,674,673,-1,688,673,696,-1,696,673,672,-1,696,672,671,-1,692,694,681,-1,681,694,695,-1,681,695,682,-1,682,695,696,-1,682,696,683,-1,683,696,671,-1,683,671,670,-1,503,504,698,-1,698,504,699,-1,698,699,692,-1,692,699,700,-1,692,700,693,-1,693,700,701,-1,693,701,684,-1,684,701,702,-1,684,702,685,-1,685,702,703,-1,685,703,687,-1,687,703,704,-1,687,704,691,-1,691,704,705,-1,691,705,697,-1,705,706,697,-1,697,706,707,-1,697,707,678,-1,707,708,709,-1,509,710,508,-1,508,710,711,-1,508,711,507,-1,507,711,506,-1,506,711,712,-1,506,712,505,-1,505,712,699,-1,505,699,504,-1,713,714,715,-1,715,714,716,-1,707,706,708,-1,708,706,705,-1,708,705,704,-1,704,717,708,-1,708,717,718,-1,708,718,709,-1,709,718,715,-1,709,715,719,-1,719,715,716,-1,719,716,720,-1,721,722,723,-1,723,722,713,-1,713,715,723,-1,723,715,718,-1,723,718,724,-1,724,718,717,-1,724,717,725,-1,719,707,709,-1,720,726,719,-1,719,726,707,-1,509,510,710,-1,710,510,727,-1,710,727,721,-1,704,703,717,-1,717,703,702,-1,717,702,725,-1,725,702,701,-1,725,701,700,-1,721,723,710,-1,710,723,724,-1,710,724,711,-1,711,724,725,-1,711,725,712,-1,712,725,700,-1,712,700,699,-1,510,511,727,-1,727,511,728,-1,727,728,721,-1,721,728,729,-1,721,729,722,-1,722,729,730,-1,722,730,713,-1,713,730,731,-1,713,731,714,-1,714,731,732,-1,714,732,716,-1,716,732,733,-1,716,733,720,-1,720,733,734,-1,720,734,726,-1,734,735,726,-1,726,735,533,-1,726,533,707,-1,515,514,736,-1,737,513,512,-1,738,528,530,-1,739,533,735,-1,528,738,526,-1,526,738,740,-1,526,740,524,-1,735,734,739,-1,739,734,733,-1,739,733,741,-1,524,740,522,-1,522,740,742,-1,522,742,520,-1,733,732,741,-1,741,732,731,-1,741,731,743,-1,520,742,518,-1,518,742,737,-1,518,737,516,-1,516,737,512,-1,516,512,462,-1,514,513,736,-1,736,513,737,-1,736,737,743,-1,743,737,742,-1,743,742,741,-1,741,742,740,-1,741,740,739,-1,739,740,738,-1,739,738,533,-1,530,533,738,-1,511,515,728,-1,728,515,736,-1,728,736,729,-1,729,736,743,-1,729,743,730,-1,730,743,731,-1,649,744,745,-1,591,746,747,-1,747,748,591,-1,591,748,749,-1,591,749,562,-1,562,749,750,-1,562,750,751,-1,532,752,753,-1,751,754,562,-1,562,754,755,-1,562,755,532,-1,532,755,756,-1,532,756,752,-1,745,757,649,-1,649,757,758,-1,649,758,620,-1,620,758,759,-1,620,759,760,-1,753,761,532,-1,532,761,762,-1,532,762,533,-1,533,762,763,-1,533,763,764,-1,760,765,620,-1,620,765,766,-1,620,766,591,-1,591,766,767,-1,591,767,746,-1,768,769,707,-1,770,771,678,-1,678,771,772,-1,678,772,649,-1,649,772,773,-1,649,773,744,-1,764,774,533,-1,533,774,775,-1,533,775,707,-1,707,775,776,-1,707,776,768,-1,769,777,707,-1,707,777,778,-1,707,778,678,-1,678,778,779,-1,678,779,770,-1,34,33,138,-1,138,33,170,-1,138,170,137,-1,137,170,173,-1,137,173,780,-1,33,35,170,-1,170,35,6,-1,170,6,177,-1,177,6,71,-1,177,71,69,-1,177,69,68,-1,781,179,139,-1,139,179,177,-1,139,177,140,-1,140,177,68,-1,155,163,165,-1,88,87,146,-1,146,87,129,-1,125,115,114,-1,155,165,156,-1,180,179,448,-1,448,179,781,-1,448,781,145,-1,114,156,125,-1,125,156,165,-1,125,165,129,-1,129,165,448,-1,129,448,146,-1,146,448,145,-1,120,119,162,-1,162,119,212,-1,162,212,161,-1,161,212,166,-1,161,166,164,-1,63,62,199,-1,212,119,121,-1,212,121,199,-1,199,121,60,-1,199,60,63,-1,199,62,61,-1,782,200,147,-1,147,200,199,-1,147,199,148,-1,148,199,61,-1,201,200,455,-1,455,200,782,-1,455,782,783,-1,127,8,7,-1,173,213,780,-1,780,213,452,-1,780,452,131,-1,131,452,132,-1,783,153,455,-1,455,153,154,-1,455,154,452,-1,7,132,127,-1,127,132,452,-1,127,452,123,-1,123,452,154,-1,123,154,56,-1,56,154,57,-1,154,152,57,-1,57,152,58,-1,152,150,58,-1,58,150,59,-1,59,150,61,-1,61,150,148,-1,136,36,138,-1,138,36,34,-1,136,134,36,-1,36,134,9,-1,134,132,9,-1,9,132,7,-1,146,144,88,-1,88,144,89,-1,144,142,89,-1,89,142,70,-1,70,142,68,-1,68,142,140,-1,160,118,162,-1,162,118,120,-1,160,158,118,-1,118,158,116,-1,158,156,116,-1,116,156,114,-1,
        ]
    }
}
Shape{
    appearance Appearance {
        material  Material 	{
            diffuseColor 1.0 1.0 1.0
            specularColor 0.5019607843137255 0.5019607843137255 0.5019607843137255
            ambientIntensity 1.0
            transparency 0.0
            shininess 0.5
        }
    }
    geometry IndexedFaceSet {
        ccw TRUE
        solid FALSE
        coord DEF co Coordinate {
            point [
                -0.5118 -0.3543 0.0591, -0.5118 -0.5118 0.0591, -0.5118 -0.3543 0.0, -0.5118 -0.5118 0.0, -0.7874 -0.5118 0.0591, -0.7874 -0.5118 0.0, -0.5906 -0.5118 0.0591, -0.7874 -0.3543 0.0591, -0.7874 -0.3543 0.0, -0.6102 -0.3543 0.0591, -0.6102 -0.3937 0.0591, -0.6102 -0.4921 0.0591, 0.7874 -0.3543 0.0591, 0.7874 -0.5118 0.0591, 0.7874 -0.3543 0.0, 0.7874 -0.5118 0.0, 0.5118 -0.5118 0.0, 0.5906 -0.5118 0.0591, 0.5118 -0.5118 0.0591, 0.5118 -0.3543 0.0591, 0.5118 -0.3543 0.0, 0.6102 -0.3543 0.0591, 0.6102 -0.4921 0.0591, 0.6102 -0.3937 0.0591, -0.7874 0.3543 0.0591, -0.7874 0.5118 0.0591, -0.7874 0.3543 0.0, -0.7874 0.5118 0.0, -0.5118 0.5118 0.0, -0.5906 0.5118 0.0591, -0.5118 0.5118 0.0591, -0.5118 0.3543 0.0591, -0.5118 0.3543 0.0, -0.6102 0.3543 0.0591, -0.6102 0.4921 0.0591, 0.7874 0.5118 0.0591, 0.7874 0.5118 0.0, 0.5906 0.5118 0.0591, 0.5118 0.5118 0.0, 0.5118 0.5118 0.0591, 0.7874 0.3543 0.0591, 0.7874 0.3543 0.0, 0.5118 0.3543 0.0, 0.6102 0.3543 0.0591, 0.5118 0.3543 0.0591, 0.6102 0.4921 0.0591
            ]
        }
        coordIndex [
            0,1,2,-1,2,1,3,-1,4,5,6,-1,6,5,3,-1,6,3,1,-1,4,7,5,-1,5,7,8,-1,8,7,2,-1,2,7,9,-1,2,9,0,-1,9,7,10,-1,10,7,4,-1,10,4,11,-1,11,4,6,-1,3,5,2,-1,2,5,8,-1,12,13,14,-1,14,13,15,-1,15,13,16,-1,16,13,17,-1,16,17,18,-1,18,19,16,-1,16,19,20,-1,12,14,21,-1,21,14,20,-1,21,20,19,-1,22,17,13,-1,22,13,23,-1,23,13,12,-1,23,12,21,-1,15,16,14,-1,14,16,20,-1,24,25,26,-1,26,25,27,-1,27,25,28,-1,28,25,29,-1,28,29,30,-1,30,31,28,-1,28,31,32,-1,24,26,33,-1,33,26,32,-1,33,32,31,-1,24,33,25,-1,25,33,34,-1,25,34,29,-1,27,28,26,-1,26,28,32,-1,35,36,37,-1,37,36,38,-1,37,38,39,-1,35,40,36,-1,36,40,41,-1,41,40,42,-1,42,40,43,-1,42,43,44,-1,44,39,42,-1,42,39,38,-1,43,40,45,-1,45,40,35,-1,45,35,37,-1,36,41,38,-1,38,41,42,-1,
        ]
    }
}
Shape{
    appearance Appearance {
        material  Material 	{
            diffuseColor 0.5019607843137255 0.5019607843137255 0.5019607843137255
            specularColor 0.25098039215686274 0.25098039215686274 0.25098039215686274
            ambientIntensity 0.502
            transparency 0.0
            shininess 0.5
        }
    }
    geometry IndexedFaceSet {
        ccw TRUE
        solid FALSE
        coord DEF co Coordinate {
            point [
                0.2362 0.1969 0.0039, 0.2362 0.1969 0.0827, 0.2362 -0.0302 0.0039, 0.2362 -0.1969 0.0827, 0.2362 -0.1969 0.0039, -0.2362 0.1969 0.0827, -0.2362 0.1969 0.0039, -0.2362 -0.1969 0.0827, -0.2362 -0.0302 0.0039, -0.2362 -0.1969 0.0039
            ]
        }
        coordIndex [
            0,1,2,-1,2,1,3,-1,2,3,4,-1,5,6,7,-1,7,6,8,-1,7,8,9,-1,
        ]
    }
}
Shape{
    appearance Appearance {
        material  Material 	{
            diffuseColor 0.0 0.0 0.0
            specularColor 0.0 0.0 0.0
            ambientIntensity 0.0
            transparency 0.0
            shininess 0.5
        }
    }
    geometry IndexedFaceSet {
        ccw TRUE
        solid FALSE
        coord DEF co Coordinate {
            point [
                -0.1462 0.0491 0.0043, -0.177 -0.0297 0.0043, -0.1462 0.0491 0.0039, -0.177 -0.0297 0.0039, -0.1654 -0.0297 0.0043, -0.1654 -0.0297 0.0039, -0.1575 -0.0076 0.0043, -0.1575 -0.0076 0.0039, -0.1249 -0.0076 0.0043, -0.1249 -0.0076 0.0039, -0.1174 -0.0297 0.0043, -0.1174 -0.0297 0.0039, -0.1059 -0.0297 0.0043, -0.1059 -0.0297 0.0039, -0.1357 0.0491 0.0043, -0.1357 0.0491 0.0039, -0.1276 0.001 0.0043, -0.1539 0.001 0.0043, -0.1393 0.0339 0.0043, -0.1401 0.0367 0.0043, -0.1406 0.0395 0.0043, -0.1409 0.0395 0.0043, -0.1414 0.0367 0.0043, -0.1421 0.0339 0.0043, -0.1276 0.001 0.0039, -0.1539 0.001 0.0039, -0.1393 0.0339 0.0039, -0.1401 0.0367 0.0039, -0.1406 0.0395 0.0039, -0.1409 0.0395 0.0039, -0.1414 0.0367 0.0039, -0.1421 0.0339 0.0039, -0.0582 -0.0297 0.0043, -0.0368 -0.0297 0.0043, -0.0582 -0.0297 0.0039, -0.0368 -0.0297 0.0039, -0.0368 0.0491 0.0043, -0.0368 0.0491 0.0039, -0.059 0.0491 0.0043, -0.059 0.0491 0.0039, -0.1001 0.0107 0.0043, -0.1001 0.0107 0.0039, -0.0996 0.0181 0.0039, -0.0996 0.0181 0.0043, -0.0975 0.0258 0.0039, -0.0975 0.0258 0.0043, -0.0938 0.0326 0.0039, -0.0938 0.0326 0.0043, -0.0882 0.0388 0.0039, -0.0882 0.0388 0.0043, -0.0881 0.0389 0.0039, -0.0881 0.0389 0.0043, -0.0796 0.0446 0.0039, -0.0796 0.0446 0.0043, -0.0704 0.0478 0.0039, -0.0704 0.0478 0.0043, -0.0679 -0.0288 0.0039, -0.0679 -0.0288 0.0043, -0.077 -0.0261 0.0039, -0.077 -0.0261 0.0043, -0.0852 -0.0214 0.0039, -0.0852 -0.0214 0.0043, -0.0917 -0.0151 0.0039, -0.0917 -0.0151 0.0043, -0.0962 -0.0081 0.0039, -0.0962 -0.0081 0.0043, -0.099 0.0001 0.0039, -0.099 0.0001 0.0043, -0.0843 0.0294 0.0043, -0.0805 0.0334 0.0043, -0.0748 0.0371 0.0043, -0.0683 0.0394 0.0043, -0.0589 0.0404 0.0043, -0.0473 0.0404 0.0043, -0.0473 -0.021 0.0043, -0.0585 -0.021 0.0043, -0.0668 -0.0203 0.0043, -0.0734 -0.0182 0.0043, -0.0788 -0.015 0.0043, -0.0832 -0.0107 0.0043, -0.0865 -0.0052 0.0043, -0.0889 0.0022 0.0043, -0.0896 0.0105 0.0043, -0.0889 0.0183 0.0043, -0.0871 0.0245 0.0043, -0.0589 0.0404 0.0039, -0.0473 0.0404 0.0039, -0.0683 0.0394 0.0039, -0.0748 0.0371 0.0039, -0.0805 0.0334 0.0039, -0.0843 0.0294 0.0039, -0.0871 0.0245 0.0039, -0.0889 0.0183 0.0039, -0.0896 0.0105 0.0039, -0.0889 0.0022 0.0039, -0.0865 -0.0052 0.0039, -0.0832 -0.0107 0.0039, -0.0788 -0.015 0.0039, -0.0734 -0.0182 0.0039, -0.0668 -0.0203 0.0039, -0.0585 -0.021 0.0039, -0.0473 -0.021 0.0039, -0.0214 -0.021 0.0043, -0.0214 -0.0297 0.0043, -0.0214 -0.021 0.0039, -0.0214 -0.0297 0.0039, 0.0208 -0.0297 0.0043, 0.0208 -0.0297 0.0039, 0.0208 0.0491 0.0043, 0.0208 0.0491 0.0039, -0.0195 0.0491 0.0043, -0.0195 0.0491 0.0039, -0.0195 0.0404 0.0043, -0.0195 0.0404 0.0039, 0.0103 0.0404 0.0043, 0.0103 0.0404 0.0039, 0.0103 0.0145 0.0043, 0.0103 0.0145 0.0039, -0.0176 0.0145 0.0043, -0.0176 0.0145 0.0039, -0.0176 0.0058 0.0043, -0.0176 0.0058 0.0039, 0.0103 0.0058 0.0043, 0.0103 0.0058 0.0039, 0.0103 -0.021 0.0043, 0.0103 -0.021 0.0039, 0.0362 -0.017 0.0043, 0.0362 -0.0256 0.0043, 0.0362 -0.017 0.0039, 0.0362 -0.0256 0.0039, 0.0446 -0.0291 0.0043, 0.0579 -0.0306 0.0043, 0.0579 -0.0306 0.0039, 0.0557 -0.0306 0.0039, 0.0557 -0.0306 0.0043, 0.0526 -0.0302 0.0039, 0.0446 -0.0291 0.0039, 0.0625 -0.0302 0.0039, 0.0676 -0.0296 0.0043, 0.0676 -0.0296 0.0039, 0.0752 -0.027 0.0043, 0.0752 -0.027 0.0039, 0.0815 -0.023 0.0043, 0.0815 -0.023 0.0039, 0.0875 -0.0167 0.0043, 0.0875 -0.0167 0.0039, 0.0917 -0.0093 0.0043, 0.0917 -0.0093 0.0039, 0.094 -0.0009 0.0043, 0.094 -0.0009 0.0039, 0.0948 0.0082 0.0043, 0.0948 0.0082 0.0039, 0.0547 0.05 0.0043, 0.0547 0.05 0.0039, 0.0626 0.0494 0.0039, 0.0626 0.0494 0.0043, 0.0714 0.0468 0.0039, 0.0714 0.0468 0.0043, 0.0789 0.0425 0.0039, 0.0789 0.0425 0.0043, 0.086 0.0357 0.0039, 0.086 0.0357 0.0043, 0.0906 0.0283 0.0039, 0.0906 0.0283 0.0043, 0.0937 0.0194 0.0039, 0.0937 0.0194 0.0043, 0.0362 0.0469 0.0043, 0.0362 0.0469 0.0039, 0.0453 0.0494 0.0039, 0.0453 0.0494 0.0043, 0.0362 0.0363 0.0043, 0.0362 0.0363 0.0039, 0.0547 0.0414 0.0043, 0.0547 0.0414 0.0039, 0.0451 0.0401 0.0039, 0.0451 0.0401 0.0043, 0.0842 0.0088 0.0043, 0.0842 0.0088 0.0039, 0.0838 0.015 0.0039, 0.0838 0.015 0.0043, 0.0817 0.0234 0.0039, 0.0817 0.0234 0.0043, 0.0785 0.0295 0.0039, 0.0785 0.0295 0.0043, 0.0737 0.0347 0.0039, 0.0737 0.0347 0.0043, 0.0683 0.0384 0.0039, 0.0683 0.0384 0.0043, 0.0624 0.0405 0.0039, 0.0624 0.0405 0.0043, 0.0564 -0.022 0.0043, 0.0564 -0.022 0.0039, 0.0638 -0.0212 0.0039, 0.0638 -0.0212 0.0043, 0.0695 -0.0191 0.0039, 0.0695 -0.0191 0.0043, 0.0743 -0.0158 0.0039, 0.0743 -0.0158 0.0043, 0.078 -0.0119 0.0039, 0.078 -0.0119 0.0043, 0.0813 -0.0065 0.0039, 0.0813 -0.0065 0.0043, 0.0834 0.0003 0.0039, 0.0834 0.0003 0.0043, 0.0376 -0.0177 0.0039, 0.0376 -0.0177 0.0043, 0.046 -0.0208 0.0039, 0.046 -0.0208 0.0043, 0.1015 -0.021 0.0043, 0.1015 -0.0297 0.0043, 0.1015 -0.021 0.0039, 0.1015 -0.0297 0.0039, 0.1418 -0.0297 0.0043, 0.1418 -0.0297 0.0039, 0.1418 0.0491 0.0043, 0.1418 0.0491 0.0039, 0.1313 0.0491 0.0043, 0.1313 0.0491 0.0039, 0.1313 -0.021 0.0043, 0.1313 -0.021 0.0039
            ]
        }
        coordIndex [
            0,1,2,-1,2,1,3,-1,1,4,3,-1,3,4,5,-1,4,6,5,-1,5,6,7,-1,6,8,7,-1,7,8,9,-1,8,10,9,-1,9,10,11,-1,10,12,11,-1,11,12,13,-1,12,14,13,-1,13,14,15,-1,14,0,15,-1,15,0,2,-1,16,8,17,-1,17,8,6,-1,18,14,16,-1,16,14,12,-1,16,12,8,-1,8,12,10,-1,18,19,14,-1,14,19,20,-1,14,20,0,-1,0,20,21,-1,0,21,22,-1,22,23,0,-1,0,23,17,-1,0,17,1,-1,1,17,6,-1,1,6,4,-1,16,17,24,-1,24,17,25,-1,18,16,26,-1,26,16,24,-1,18,26,27,-1,18,27,19,-1,19,27,28,-1,19,28,20,-1,21,20,29,-1,29,20,28,-1,21,29,30,-1,21,30,22,-1,22,30,31,-1,22,31,23,-1,17,23,25,-1,25,23,31,-1,32,33,34,-1,34,33,35,-1,33,36,35,-1,35,36,37,-1,36,38,37,-1,37,38,39,-1,40,41,42,-1,40,42,43,-1,43,42,44,-1,43,44,45,-1,45,44,46,-1,45,46,47,-1,47,46,48,-1,47,48,49,-1,49,48,50,-1,49,50,51,-1,51,50,52,-1,51,52,53,-1,53,52,54,-1,53,54,55,-1,55,54,39,-1,55,39,38,-1,32,34,56,-1,32,56,57,-1,57,56,58,-1,57,58,59,-1,59,58,60,-1,59,60,61,-1,61,60,62,-1,61,62,63,-1,63,62,64,-1,63,64,65,-1,65,64,66,-1,65,66,67,-1,67,66,41,-1,67,41,40,-1,45,47,68,-1,68,47,49,-1,68,49,69,-1,69,49,51,-1,69,51,70,-1,70,51,53,-1,70,53,71,-1,71,53,55,-1,71,55,72,-1,72,55,38,-1,72,38,73,-1,73,38,36,-1,73,36,74,-1,74,36,33,-1,74,33,75,-1,75,33,32,-1,75,32,76,-1,76,32,57,-1,76,57,77,-1,77,57,59,-1,77,59,78,-1,78,59,61,-1,78,61,79,-1,79,61,63,-1,79,63,80,-1,80,63,65,-1,80,65,81,-1,81,65,67,-1,81,67,82,-1,82,67,40,-1,82,40,83,-1,83,40,43,-1,83,43,84,-1,84,43,45,-1,84,45,68,-1,72,73,85,-1,85,73,86,-1,72,85,87,-1,72,87,71,-1,71,87,88,-1,71,88,70,-1,70,88,89,-1,70,89,69,-1,69,89,90,-1,69,90,68,-1,68,90,91,-1,68,91,84,-1,84,91,92,-1,84,92,83,-1,83,92,93,-1,83,93,82,-1,82,93,94,-1,82,94,81,-1,81,94,95,-1,81,95,80,-1,80,95,96,-1,80,96,79,-1,79,96,97,-1,79,97,78,-1,78,97,98,-1,78,98,77,-1,77,98,99,-1,77,99,76,-1,76,99,100,-1,76,100,75,-1,74,75,101,-1,101,75,100,-1,73,74,86,-1,86,74,101,-1,102,103,104,-1,104,103,105,-1,103,106,105,-1,105,106,107,-1,106,108,107,-1,107,108,109,-1,108,110,109,-1,109,110,111,-1,110,112,111,-1,111,112,113,-1,112,114,113,-1,113,114,115,-1,114,116,115,-1,115,116,117,-1,116,118,117,-1,117,118,119,-1,118,120,119,-1,119,120,121,-1,120,122,121,-1,121,122,123,-1,122,124,123,-1,123,124,125,-1,124,102,125,-1,125,102,104,-1,106,103,102,-1,102,124,106,-1,106,124,122,-1,106,122,108,-1,112,110,114,-1,114,110,108,-1,114,108,116,-1,116,108,122,-1,116,122,118,-1,118,122,120,-1,126,127,128,-1,128,127,129,-1,129,127,130,-1,131,132,133,-1,131,133,134,-1,134,133,135,-1,134,135,130,-1,130,135,136,-1,130,136,129,-1,132,131,137,-1,137,131,138,-1,137,138,139,-1,139,138,140,-1,139,140,141,-1,141,140,142,-1,141,142,143,-1,143,142,144,-1,143,144,145,-1,145,144,146,-1,145,146,147,-1,147,146,148,-1,147,148,149,-1,149,148,150,-1,149,150,151,-1,152,153,154,-1,152,154,155,-1,155,154,156,-1,155,156,157,-1,157,156,158,-1,157,158,159,-1,159,158,160,-1,159,160,161,-1,161,160,162,-1,161,162,163,-1,163,162,164,-1,163,164,165,-1,165,164,151,-1,165,151,150,-1,166,167,168,-1,166,168,169,-1,169,168,153,-1,169,153,152,-1,166,170,167,-1,167,170,171,-1,172,173,174,-1,172,174,175,-1,175,174,171,-1,175,171,170,-1,176,177,178,-1,176,178,179,-1,179,178,180,-1,179,180,181,-1,181,180,182,-1,181,182,183,-1,183,182,184,-1,183,184,185,-1,185,184,186,-1,185,186,187,-1,187,186,188,-1,187,188,189,-1,189,188,173,-1,189,173,172,-1,190,191,192,-1,190,192,193,-1,193,192,194,-1,193,194,195,-1,195,194,196,-1,195,196,197,-1,197,196,198,-1,197,198,199,-1,199,198,200,-1,199,200,201,-1,201,200,202,-1,201,202,203,-1,203,202,177,-1,203,177,176,-1,126,128,204,-1,126,204,205,-1,205,204,206,-1,205,206,207,-1,207,206,191,-1,207,191,190,-1,193,131,190,-1,190,131,134,-1,190,134,207,-1,207,134,130,-1,207,130,205,-1,205,130,127,-1,205,127,126,-1,170,166,175,-1,175,166,169,-1,175,169,172,-1,172,169,152,-1,172,152,189,-1,189,152,155,-1,189,155,187,-1,187,155,157,-1,187,157,185,-1,185,157,159,-1,185,159,183,-1,183,159,161,-1,183,161,181,-1,181,161,163,-1,181,163,179,-1,179,163,165,-1,179,165,176,-1,176,165,150,-1,176,150,203,-1,203,150,148,-1,203,148,201,-1,201,148,146,-1,201,146,199,-1,199,146,144,-1,199,144,197,-1,197,144,142,-1,197,142,195,-1,195,142,140,-1,195,140,193,-1,193,140,138,-1,193,138,131,-1,208,209,210,-1,210,209,211,-1,209,212,211,-1,211,212,213,-1,212,214,213,-1,213,214,215,-1,214,216,215,-1,215,216,217,-1,216,218,217,-1,217,218,219,-1,218,208,219,-1,219,208,210,-1,216,214,218,-1,218,214,212,-1,218,212,208,-1,208,212,209,-1,
        ]
    }
}
Shape{
    appearance Appearance {
        material  Material 	{
            diffuseColor 0.5019607843137255 0.5019607843137255 0.5019607843137255
            specularColor 0.25098039215686274 0.25098039215686274 0.25098039215686274
            ambientIntensity 0.502
            transparency 0.0
            shininess 0.5
        }
    }
    geometry IndexedFaceSet {
        ccw TRUE
        solid FALSE
        coord DEF co Coordinate {
            point [
                -0.1276 0.001 0.0039, -0.1539 0.001 0.0039, -0.1393 0.0339 0.0039, -0.1421 0.0339 0.0039, -0.1401 0.0367 0.0039, -0.1414 0.0367 0.0039, -0.1406 0.0395 0.0039, -0.1409 0.0395 0.0039, -0.0473 0.0404 0.0039, -0.0473 -0.021 0.0039, -0.0589 0.0404 0.0039, -0.0585 -0.021 0.0039, -0.0668 -0.0203 0.0039, -0.0896 0.0105 0.0039, -0.0889 0.0183 0.0039, -0.0871 0.0245 0.0039, -0.0683 0.0394 0.0039, -0.0734 -0.0182 0.0039, -0.0788 -0.015 0.0039, -0.0832 -0.0107 0.0039, -0.0865 -0.0052 0.0039, -0.0889 0.0022 0.0039, -0.0843 0.0294 0.0039, -0.0805 0.0334 0.0039, -0.0748 0.0371 0.0039, -0.3268 0.0 0.4173, -0.3218 -0.0567 0.4173, -0.3243 -0.0402 0.5709, -0.3071 -0.1118 0.4173, -0.3169 -0.0797 0.5709, -0.3212 -0.0566 0.5709, -0.2826 -0.1631 0.5709, -0.2879 -0.1546 0.5709, -0.283 -0.1634 0.4173, -0.3047 -0.118 0.5709, -0.3067 -0.1117 0.5709, -0.2667 -0.1888 0.5709, -0.2503 -0.21 0.4173, -0.2499 -0.2097 0.5709, -0.2415 -0.2201 0.5709, -0.21 -0.2503 0.4173, -0.2126 -0.2482 0.5709, -0.1634 -0.283 0.4173, -0.1805 -0.2724 0.5709, -0.2099 -0.2502 0.5709, -0.1118 -0.3071 0.4173, -0.1457 -0.2925 0.5709, -0.1631 -0.2825 0.5709, -0.0567 -0.3213 0.5709, -0.0699 -0.3192 0.5709, -0.0567 -0.3218 0.4173, -0.1086 -0.3082 0.5709, -0.1117 -0.3069 0.5709, -0.0302 -0.3254 0.5709, 0.0 -0.3268 0.4173, 0.0 -0.3263 0.5709, 0.0101 -0.3266 0.5709, 0.0567 -0.3218 0.4173, 0.0501 -0.3229 0.5709, 0.1118 -0.3071 0.4173, 0.0894 -0.3143 0.5709, 0.0567 -0.3215 0.5709, 0.1634 -0.283 0.4173, 0.1274 -0.3009 0.5709, 0.1116 -0.3065 0.5709, 0.21 -0.2503 0.4173, 0.1969 -0.2608 0.5709, 0.1634 -0.283 0.5709, 0.2503 -0.21 0.4173, 0.2275 -0.2346 0.5709, 0.2097 -0.2499 0.5709, 0.2826 -0.1632 0.5709, 0.2778 -0.172 0.5709, 0.283 -0.1634 0.4173, 0.2546 -0.2049 0.5709, 0.2501 -0.2098 0.5709, 0.2969 -0.1366 0.5709, 0.3071 -0.1118 0.4173, 0.3066 -0.1116 0.5709, 0.3114 -0.0991 0.5709, 0.3218 -0.0567 0.4173, 0.3212 -0.06 0.5709, 0.3268 0.0 0.4173, 0.3262 -0.0201 0.5709, 0.3216 -0.0567 0.5709, 0.3218 0.0567 0.4173, 0.3262 0.0201 0.5709, 0.3262 0.0 0.5709, 0.3066 0.1116 0.5709, 0.3114 0.0991 0.5709, 0.3071 0.1118 0.4173, 0.3212 0.06 0.5709, 0.3216 0.0567 0.5709, 0.2969 0.1366 0.5709, 0.283 0.1634 0.4173, 0.2826 0.1632 0.5709, 0.2778 0.172 0.5709, 0.2503 0.21 0.4173, 0.2546 0.2049 0.5709, 0.21 0.2503 0.4173, 0.2275 0.2346 0.5709, 0.2501 0.2098 0.5709, 0.1634 0.283 0.4173, 0.1969 0.2608 0.5709, 0.2097 0.2499 0.5709, 0.1118 0.3071 0.4173, 0.1274 0.3009 0.5709, 0.1634 0.283 0.5709, 0.0567 0.3218 0.4173, 0.0894 0.3143 0.5709, 0.1116 0.3065 0.5709, 0.0 0.3263 0.5709, 0.0101 0.3266 0.5709, 0.0 0.3268 0.4173, 0.0501 0.3229 0.5709, 0.0567 0.3215 0.5709, -0.0302 0.3254 0.5709, -0.0567 0.3218 0.4173, -0.0567 0.3213 0.5709, -0.0699 0.3192 0.5709, -0.1118 0.3071 0.4173, -0.1086 0.3082 0.5709, -0.1634 0.283 0.4173, -0.1457 0.2925 0.5709, -0.1117 0.3069 0.5709, -0.21 0.2503 0.4173, -0.1805 0.2724 0.5709, -0.1631 0.2825 0.5709, -0.2499 0.2097 0.5709, -0.2415 0.2201 0.5709, -0.2503 0.21 0.4173, -0.2126 0.2482 0.5709, -0.2099 0.2502 0.5709, -0.2667 0.1888 0.5709, -0.283 0.1634 0.4173, -0.2826 0.1631 0.5709, -0.2879 0.1546 0.5709, -0.3071 0.1118 0.4173, -0.3047 0.118 0.5709, -0.3218 0.0567 0.4173, -0.3169 0.0797 0.5709, -0.3067 0.1117 0.5709, -0.3268 0.0 0.5709, -0.3243 0.0402 0.5709, -0.3212 0.0566 0.5709, -0.2978 0.0749 0.5906, -0.3048 0.0377 0.5906, 0.0 0.0 0.5906, -0.3071 0.0 0.5906, -0.3048 -0.0377 0.5906, -0.2506 0.1774 0.5906, -0.2705 0.1453 0.5906, -0.2863 0.1109 0.5906, -0.1696 0.256 0.5906, -0.1998 0.2332 0.5906, -0.2269 0.2069 0.5906, -0.0657 0.3 0.5906, -0.1021 0.2896 0.5906, -0.1369 0.2749 0.5906, 0.0471 0.3035 0.5906, 0.0095 0.3069 0.5906, -0.0283 0.3058 0.5906, 0.1535 0.2659 0.5906, 0.1197 0.2828 0.5906, 0.084 0.2954 0.5906, 0.2392 0.1925 0.5906, 0.2138 0.2205 0.5906, 0.1851 0.2451 0.5906, 0.2926 0.0931 0.5906, 0.279 0.1283 0.5906, 0.2611 0.1617 0.5906, 0.3065 -0.0189 0.5906, 0.3065 0.0189 0.5906, 0.3019 0.0564 0.5906, 0.279 -0.1283 0.5906, 0.2926 -0.0931 0.5906, 0.3019 -0.0564 0.5906, 0.2138 -0.2205 0.5906, 0.2392 -0.1925 0.5906, 0.2611 -0.1617 0.5906, 0.1197 -0.2828 0.5906, 0.1535 -0.2659 0.5906, 0.1851 -0.2451 0.5906, 0.0095 -0.3069 0.5906, 0.0471 -0.3035 0.5906, 0.084 -0.2954 0.5906, -0.1021 -0.2896 0.5906, -0.0657 -0.3 0.5906, -0.0283 -0.3058 0.5906, -0.1998 -0.2332 0.5906, -0.1696 -0.256 0.5906, -0.1369 -0.2749 0.5906, -0.2705 -0.1453 0.5906, -0.2506 -0.1774 0.5906, -0.2269 -0.2069 0.5906, -0.2978 -0.0749 0.5906, -0.2863 -0.1109 0.5906, -0.241 -0.2197 0.576, -0.2662 -0.1884 0.576, -0.2873 -0.1543 0.576, -0.3041 -0.1178 0.576, -0.2122 -0.2476 0.576, -0.1801 -0.2718 0.576, -0.1454 -0.2919 0.576, -0.1084 -0.3076 0.576, -0.0698 -0.3186 0.576, -0.0301 -0.3247 0.576, 0.01 -0.3259 0.576, 0.1271 -0.3003 0.576, 0.0892 -0.3137 0.576, 0.05 -0.3222 0.576, 0.1631 -0.2824 0.576, 0.1965 -0.2602 0.576, 0.227 -0.2341 0.576, 0.2541 -0.2044 0.576, 0.2773 -0.1717 0.576, 0.2963 -0.1363 0.576, 0.3108 -0.0989 0.576, 0.3205 -0.0599 0.576, 0.3255 -0.0201 0.576, 0.3255 0.0201 0.576, 0.3205 0.0599 0.576, 0.3108 0.0989 0.576, 0.2963 0.1363 0.576, 0.2773 0.1717 0.576, 0.1965 0.2602 0.576, 0.227 0.2341 0.576, 0.2541 0.2044 0.576, 0.1631 0.2824 0.576, 0.1271 0.3003 0.576, 0.0892 0.3137 0.576, 0.05 0.3222 0.576, 0.01 0.3259 0.576, -0.0301 0.3247 0.576, -0.0698 0.3186 0.576, -0.1084 0.3076 0.576, -0.1454 0.2919 0.576, -0.1801 0.2718 0.576, -0.2122 0.2476 0.576, -0.241 0.2197 0.576, -0.2662 0.1884 0.576, -0.2873 0.1543 0.576, -0.3236 0.0401 0.576, -0.3163 0.0795 0.576, -0.3041 0.1178 0.576, -0.3261 0.0 0.576, -0.3236 -0.0401 0.576, -0.3163 -0.0795 0.576, -0.3217 0.0398 0.5807, -0.3143 0.0791 0.5807, -0.3022 0.1171 0.5807, -0.2856 0.1533 0.5807, -0.2646 0.1873 0.5807, -0.2395 0.2184 0.5807, -0.2109 0.2461 0.5807, -0.179 0.2702 0.5807, -0.1445 0.2902 0.5807, -0.1077 0.3057 0.5807, -0.0693 0.3166 0.5807, -0.0299 0.3228 0.5807, 0.01 0.324 0.5807, 0.0497 0.3203 0.5807, 0.0887 0.3118 0.5807, 0.1263 0.2985 0.5807, 0.1621 0.2807 0.5807, 0.1953 0.2587 0.5807, 0.2256 0.2327 0.5807, 0.2525 0.2032 0.5807, 0.2756 0.1706 0.5807, 0.2945 0.1355 0.5807, 0.3089 0.0983 0.5807, 0.3186 0.0596 0.5807, 0.3235 0.02 0.5807, 0.3235 -0.02 0.5807, 0.3186 -0.0596 0.5807, 0.3089 -0.0983 0.5807, 0.2945 -0.1355 0.5807, 0.2756 -0.1706 0.5807, 0.2525 -0.2032 0.5807, 0.2256 -0.2327 0.5807, 0.1953 -0.2587 0.5807, 0.1621 -0.2807 0.5807, 0.1263 -0.2985 0.5807, 0.0887 -0.3118 0.5807, 0.0497 -0.3203 0.5807, 0.01 -0.324 0.5807, -0.0299 -0.3228 0.5807, -0.0693 -0.3166 0.5807, -0.1077 -0.3057 0.5807, -0.1445 -0.2902 0.5807, -0.179 -0.2702 0.5807, -0.2109 -0.2461 0.5807, -0.2395 -0.2184 0.5807, -0.2646 -0.1873 0.5807, -0.2856 -0.1533 0.5807, -0.3022 -0.1171 0.5807, -0.3143 -0.0791 0.5807, -0.3217 -0.0398 0.5807, -0.3241 0.0 0.5807, -0.3186 0.0394 0.5848, -0.3113 0.0783 0.5848, -0.2993 0.116 0.5848, -0.2828 0.1519 0.5848, -0.262 0.1855 0.5848, -0.2372 0.2163 0.5848, -0.2089 0.2438 0.5848, -0.1773 0.2676 0.5848, -0.1431 0.2874 0.5848, -0.1067 0.3028 0.5848, -0.0687 0.3136 0.5848, -0.0296 0.3196 0.5848, 0.0099 0.3209 0.5848, 0.0492 0.3172 0.5848, 0.0878 0.3088 0.5848, 0.1251 0.2956 0.5848, 0.1605 0.278 0.5848, 0.1934 0.2562 0.5848, 0.2235 0.2305 0.5848, 0.2501 0.2012 0.5848, 0.2729 0.169 0.5848, 0.2916 0.1342 0.5848, 0.3059 0.0973 0.5848, 0.3155 0.059 0.5848, 0.3204 0.0198 0.5848, 0.3204 -0.0198 0.5848, 0.3155 -0.059 0.5848, 0.3059 -0.0973 0.5848, 0.2916 -0.1342 0.5848, 0.2729 -0.169 0.5848, 0.2501 -0.2012 0.5848, 0.2235 -0.2305 0.5848, 0.1934 -0.2562 0.5848, 0.1605 -0.278 0.5848, 0.1251 -0.2956 0.5848, 0.0878 -0.3088 0.5848, 0.0492 -0.3172 0.5848, 0.0099 -0.3209 0.5848, -0.0296 -0.3196 0.5848, -0.0687 -0.3136 0.5848, -0.1067 -0.3028 0.5848, -0.1431 -0.2874 0.5848, -0.1773 -0.2676 0.5848, -0.2089 -0.2438 0.5848, -0.2372 -0.2163 0.5848, -0.262 -0.1855 0.5848, -0.2828 -0.1519 0.5848, -0.2993 -0.116 0.5848, -0.3113 -0.0783 0.5848, -0.3186 -0.0394 0.5848, -0.321 0.0 0.5848, -0.3145 0.0389 0.5879, -0.3074 0.0773 0.5879, -0.2955 0.1145 0.5879, -0.2792 0.1499 0.5879, -0.2587 0.1831 0.5879, -0.2342 0.2135 0.5879, -0.2062 0.2407 0.5879, -0.1751 0.2642 0.5879, -0.1413 0.2837 0.5879, -0.1053 0.2989 0.5879, -0.0678 0.3096 0.5879, -0.0292 0.3156 0.5879, 0.0098 0.3168 0.5879, 0.0486 0.3132 0.5879, 0.0867 0.3048 0.5879, 0.1235 0.2919 0.5879, 0.1585 0.2745 0.5879, 0.191 0.2529 0.5879, 0.2206 0.2275 0.5879, 0.2469 0.1987 0.5879, 0.2695 0.1668 0.5879, 0.2879 0.1325 0.5879, 0.302 0.0961 0.5879, 0.3115 0.0582 0.5879, 0.3163 0.0195 0.5879, 0.3163 -0.0195 0.5879, 0.3115 -0.0582 0.5879, 0.302 -0.0961 0.5879, 0.2879 -0.1325 0.5879, 0.2695 -0.1668 0.5879, 0.2469 -0.1987 0.5879, 0.2206 -0.2275 0.5879, 0.191 -0.2529 0.5879, 0.1585 -0.2745 0.5879, 0.1235 -0.2919 0.5879, 0.0867 -0.3048 0.5879, 0.0486 -0.3132 0.5879, 0.0098 -0.3168 0.5879, -0.0292 -0.3156 0.5879, -0.0678 -0.3096 0.5879, -0.1053 -0.2989 0.5879, -0.1413 -0.2837 0.5879, -0.1751 -0.2642 0.5879, -0.2062 -0.2407 0.5879, -0.2342 -0.2135 0.5879, -0.2587 -0.1831 0.5879, -0.2792 -0.1499 0.5879, -0.2955 -0.1145 0.5879, -0.3074 -0.0773 0.5879, -0.3145 -0.0389 0.5879, -0.3169 0.0 0.5879, -0.3098 0.0384 0.5899, -0.3028 0.0761 0.5899, -0.2911 0.1128 0.5899, -0.275 0.1477 0.5899, -0.2548 0.1804 0.5899, -0.2307 0.2103 0.5899, -0.2031 0.2371 0.5899, -0.1724 0.2602 0.5899, -0.1392 0.2795 0.5899, -0.1038 0.2944 0.5899, -0.0668 0.305 0.5899, -0.0288 0.3108 0.5899, 0.0096 0.312 0.5899, 0.0479 0.3085 0.5899, 0.0854 0.3003 0.5899, 0.1217 0.2875 0.5899, 0.1561 0.2704 0.5899, 0.1881 0.2491 0.5899, 0.2173 0.2241 0.5899, 0.2432 0.1957 0.5899, 0.2654 0.1643 0.5899, 0.2836 0.1305 0.5899, 0.2975 0.0946 0.5899, 0.3069 0.0574 0.5899, 0.3116 0.0192 0.5899, 0.3116 -0.0192 0.5899, 0.3069 -0.0574 0.5899, 0.2975 -0.0946 0.5899, 0.2836 -0.1305 0.5899, 0.2654 -0.1643 0.5899, 0.2432 -0.1957 0.5899, 0.2173 -0.2241 0.5899, 0.1881 -0.2491 0.5899, 0.1561 -0.2704 0.5899, 0.1217 -0.2875 0.5899, 0.0854 -0.3003 0.5899, 0.0479 -0.3085 0.5899, 0.0096 -0.312 0.5899, -0.0288 -0.3108 0.5899, -0.0668 -0.305 0.5899, -0.1038 -0.2944 0.5899, -0.1392 -0.2795 0.5899, -0.1724 -0.2602 0.5899, -0.2031 -0.2371 0.5899, -0.2307 -0.2103 0.5899, -0.2548 -0.1804 0.5899, -0.275 -0.1477 0.5899, -0.2911 -0.1128 0.5899, -0.3028 -0.0761 0.5899, -0.3098 -0.0384 0.5899, -0.3122 0.0 0.5899
            ]
        }
        coordIndex [
            0,1,2,-1,2,1,3,-1,2,3,4,-1,4,3,5,-1,4,5,6,-1,6,5,7,-1,8,9,10,-1,10,9,11,-1,10,11,12,-1,13,14,10,-1,10,14,15,-1,10,15,16,-1,12,17,10,-1,10,17,18,-1,10,18,19,-1,19,20,10,-1,10,20,21,-1,10,21,13,-1,22,23,15,-1,15,23,24,-1,15,24,16,-1,25,26,27,-1,28,29,26,-1,26,29,30,-1,26,30,27,-1,31,32,33,-1,33,32,34,-1,33,34,28,-1,28,34,35,-1,28,35,29,-1,31,33,36,-1,36,33,37,-1,36,37,38,-1,38,37,39,-1,39,37,40,-1,39,40,41,-1,42,43,40,-1,40,43,44,-1,40,44,41,-1,45,46,42,-1,42,46,47,-1,42,47,43,-1,48,49,50,-1,50,49,51,-1,50,51,45,-1,45,51,52,-1,45,52,46,-1,48,50,53,-1,53,50,54,-1,53,54,55,-1,55,54,56,-1,56,54,57,-1,56,57,58,-1,59,60,57,-1,57,60,61,-1,57,61,58,-1,62,63,59,-1,59,63,64,-1,59,64,60,-1,65,66,62,-1,62,66,67,-1,62,67,63,-1,68,69,65,-1,65,69,70,-1,65,70,66,-1,71,72,73,-1,73,72,74,-1,73,74,68,-1,68,74,75,-1,68,75,69,-1,71,73,76,-1,76,73,77,-1,76,77,78,-1,78,77,79,-1,79,77,80,-1,79,80,81,-1,82,83,80,-1,80,83,84,-1,80,84,81,-1,85,86,82,-1,82,86,87,-1,82,87,83,-1,88,89,90,-1,90,89,91,-1,90,91,85,-1,85,91,92,-1,85,92,86,-1,88,90,93,-1,93,90,94,-1,93,94,95,-1,95,94,96,-1,96,94,97,-1,96,97,98,-1,99,100,97,-1,97,100,101,-1,97,101,98,-1,102,103,99,-1,99,103,104,-1,99,104,100,-1,105,106,102,-1,102,106,107,-1,102,107,103,-1,108,109,105,-1,105,109,110,-1,105,110,106,-1,111,112,113,-1,113,112,114,-1,113,114,108,-1,108,114,115,-1,108,115,109,-1,111,113,116,-1,116,113,117,-1,116,117,118,-1,118,117,119,-1,119,117,120,-1,119,120,121,-1,122,123,120,-1,120,123,124,-1,120,124,121,-1,125,126,122,-1,122,126,127,-1,122,127,123,-1,128,129,130,-1,130,129,131,-1,130,131,125,-1,125,131,132,-1,125,132,126,-1,128,130,133,-1,133,130,134,-1,133,134,135,-1,135,134,136,-1,136,134,137,-1,136,137,138,-1,139,140,137,-1,137,140,141,-1,137,141,138,-1,27,142,25,-1,25,142,143,-1,25,143,139,-1,139,143,144,-1,139,144,140,-1,145,146,147,-1,147,146,148,-1,147,148,149,-1,150,151,147,-1,147,151,152,-1,147,152,145,-1,153,154,147,-1,147,154,155,-1,147,155,150,-1,156,157,147,-1,147,157,158,-1,147,158,153,-1,159,160,147,-1,147,160,161,-1,147,161,156,-1,162,163,147,-1,147,163,164,-1,147,164,159,-1,165,166,147,-1,147,166,167,-1,147,167,162,-1,168,169,147,-1,147,169,170,-1,147,170,165,-1,171,172,147,-1,147,172,173,-1,147,173,168,-1,174,175,147,-1,147,175,176,-1,147,176,171,-1,177,178,147,-1,147,178,179,-1,147,179,174,-1,180,181,147,-1,147,181,182,-1,147,182,177,-1,183,184,147,-1,147,184,185,-1,147,185,180,-1,186,187,147,-1,147,187,188,-1,147,188,183,-1,189,190,147,-1,147,190,191,-1,147,191,186,-1,192,193,147,-1,147,193,194,-1,147,194,189,-1,149,195,147,-1,147,195,196,-1,147,196,192,-1,38,197,36,-1,36,197,198,-1,36,198,31,-1,31,198,199,-1,31,199,32,-1,32,199,200,-1,32,200,34,-1,38,39,197,-1,197,39,41,-1,197,41,201,-1,201,41,44,-1,201,44,202,-1,44,43,202,-1,202,43,47,-1,202,47,203,-1,203,47,46,-1,203,46,204,-1,204,46,52,-1,52,51,204,-1,204,51,49,-1,204,49,205,-1,205,49,48,-1,205,48,206,-1,206,48,53,-1,206,53,207,-1,207,53,55,-1,64,208,209,-1,55,56,207,-1,207,56,58,-1,207,58,210,-1,210,58,61,-1,210,61,209,-1,209,61,60,-1,209,60,64,-1,64,63,208,-1,208,63,67,-1,208,67,211,-1,211,67,66,-1,211,66,212,-1,212,66,70,-1,212,70,213,-1,213,70,69,-1,213,69,214,-1,214,69,75,-1,75,74,214,-1,214,74,72,-1,214,72,215,-1,215,72,71,-1,215,71,216,-1,216,71,76,-1,216,76,217,-1,217,76,78,-1,78,79,217,-1,217,79,81,-1,217,81,218,-1,218,81,84,-1,218,84,219,-1,84,83,219,-1,219,83,87,-1,219,87,220,-1,220,87,86,-1,220,86,221,-1,221,86,92,-1,92,91,221,-1,221,91,89,-1,221,89,222,-1,222,89,88,-1,222,88,223,-1,223,88,93,-1,223,93,224,-1,224,93,95,-1,104,225,226,-1,95,96,224,-1,224,96,98,-1,224,98,227,-1,227,98,101,-1,227,101,226,-1,226,101,100,-1,226,100,104,-1,104,103,225,-1,225,103,107,-1,225,107,228,-1,228,107,106,-1,228,106,229,-1,229,106,110,-1,229,110,230,-1,230,110,109,-1,230,109,231,-1,231,109,115,-1,115,114,231,-1,231,114,112,-1,231,112,232,-1,232,112,111,-1,232,111,233,-1,233,111,116,-1,233,116,234,-1,234,116,118,-1,118,119,234,-1,234,119,121,-1,234,121,235,-1,235,121,124,-1,235,124,236,-1,124,123,236,-1,236,123,127,-1,236,127,237,-1,237,127,126,-1,237,126,238,-1,238,126,132,-1,132,131,238,-1,238,131,129,-1,238,129,239,-1,239,129,128,-1,239,128,240,-1,240,128,133,-1,240,133,241,-1,241,133,135,-1,144,242,243,-1,135,136,241,-1,241,136,138,-1,241,138,244,-1,244,138,141,-1,244,141,243,-1,243,141,140,-1,243,140,144,-1,144,143,242,-1,242,143,142,-1,242,142,245,-1,245,142,27,-1,245,27,246,-1,246,27,30,-1,246,30,247,-1,247,30,29,-1,247,29,200,-1,200,29,35,-1,200,35,34,-1,245,248,242,-1,242,248,249,-1,242,249,243,-1,243,249,250,-1,243,250,244,-1,244,250,251,-1,244,251,241,-1,241,251,252,-1,241,252,240,-1,240,252,253,-1,240,253,239,-1,239,253,254,-1,239,254,238,-1,238,254,255,-1,238,255,237,-1,237,255,256,-1,237,256,236,-1,236,256,257,-1,236,257,235,-1,235,257,258,-1,235,258,234,-1,234,258,259,-1,234,259,233,-1,233,259,260,-1,233,260,232,-1,232,260,261,-1,232,261,231,-1,231,261,262,-1,231,262,230,-1,230,262,263,-1,230,263,229,-1,229,263,264,-1,229,264,228,-1,228,264,265,-1,228,265,225,-1,225,265,266,-1,225,266,226,-1,226,266,267,-1,226,267,227,-1,227,267,268,-1,227,268,224,-1,224,268,269,-1,224,269,223,-1,223,269,270,-1,223,270,222,-1,222,270,271,-1,222,271,221,-1,221,271,272,-1,221,272,220,-1,220,272,273,-1,220,273,219,-1,219,273,274,-1,219,274,218,-1,218,274,275,-1,218,275,217,-1,217,275,276,-1,217,276,216,-1,216,276,277,-1,216,277,215,-1,215,277,278,-1,215,278,214,-1,214,278,279,-1,214,279,213,-1,213,279,280,-1,213,280,212,-1,212,280,281,-1,212,281,211,-1,211,281,282,-1,211,282,208,-1,208,282,283,-1,208,283,209,-1,209,283,284,-1,209,284,210,-1,210,284,285,-1,210,285,207,-1,207,285,286,-1,207,286,206,-1,206,286,287,-1,206,287,205,-1,205,287,288,-1,205,288,204,-1,204,288,289,-1,204,289,203,-1,203,289,290,-1,203,290,202,-1,202,290,291,-1,202,291,201,-1,201,291,292,-1,201,292,197,-1,197,292,293,-1,197,293,198,-1,198,293,294,-1,198,294,199,-1,199,294,295,-1,199,295,200,-1,200,295,296,-1,200,296,247,-1,247,296,297,-1,247,297,246,-1,246,297,298,-1,246,298,245,-1,245,298,248,-1,298,299,248,-1,248,299,300,-1,248,300,249,-1,249,300,301,-1,249,301,250,-1,250,301,302,-1,250,302,251,-1,251,302,303,-1,251,303,252,-1,252,303,304,-1,252,304,253,-1,253,304,305,-1,253,305,254,-1,254,305,306,-1,254,306,255,-1,255,306,307,-1,255,307,256,-1,256,307,308,-1,256,308,257,-1,257,308,309,-1,257,309,258,-1,258,309,310,-1,258,310,259,-1,259,310,311,-1,259,311,260,-1,260,311,312,-1,260,312,261,-1,261,312,313,-1,261,313,262,-1,262,313,314,-1,262,314,263,-1,263,314,315,-1,263,315,264,-1,264,315,316,-1,264,316,265,-1,265,316,317,-1,265,317,266,-1,266,317,318,-1,266,318,267,-1,267,318,319,-1,267,319,268,-1,268,319,320,-1,268,320,269,-1,269,320,321,-1,269,321,270,-1,270,321,322,-1,270,322,271,-1,271,322,323,-1,271,323,272,-1,272,323,324,-1,272,324,273,-1,273,324,325,-1,273,325,274,-1,274,325,326,-1,274,326,275,-1,275,326,327,-1,275,327,276,-1,276,327,328,-1,276,328,277,-1,277,328,329,-1,277,329,278,-1,278,329,330,-1,278,330,279,-1,279,330,331,-1,279,331,280,-1,280,331,332,-1,280,332,281,-1,281,332,333,-1,281,333,282,-1,282,333,334,-1,282,334,283,-1,283,334,335,-1,283,335,284,-1,284,335,336,-1,284,336,285,-1,285,336,337,-1,285,337,286,-1,286,337,338,-1,286,338,287,-1,287,338,339,-1,287,339,288,-1,288,339,340,-1,288,340,289,-1,289,340,341,-1,289,341,290,-1,290,341,342,-1,290,342,291,-1,291,342,343,-1,291,343,292,-1,292,343,344,-1,292,344,293,-1,293,344,345,-1,293,345,294,-1,294,345,346,-1,294,346,295,-1,295,346,347,-1,295,347,296,-1,296,347,348,-1,296,348,297,-1,297,348,349,-1,297,349,298,-1,298,349,299,-1,349,350,299,-1,299,350,351,-1,299,351,300,-1,300,351,352,-1,300,352,301,-1,301,352,353,-1,301,353,302,-1,302,353,354,-1,302,354,303,-1,303,354,355,-1,303,355,304,-1,304,355,356,-1,304,356,305,-1,305,356,357,-1,305,357,306,-1,306,357,358,-1,306,358,307,-1,307,358,359,-1,307,359,308,-1,308,359,360,-1,308,360,309,-1,309,360,361,-1,309,361,310,-1,310,361,362,-1,310,362,311,-1,311,362,363,-1,311,363,312,-1,312,363,364,-1,312,364,313,-1,313,364,365,-1,313,365,314,-1,314,365,366,-1,314,366,315,-1,315,366,367,-1,315,367,316,-1,316,367,368,-1,316,368,317,-1,317,368,369,-1,317,369,318,-1,318,369,370,-1,318,370,319,-1,319,370,371,-1,319,371,320,-1,320,371,372,-1,320,372,321,-1,321,372,373,-1,321,373,322,-1,322,373,374,-1,322,374,323,-1,323,374,375,-1,323,375,324,-1,324,375,376,-1,324,376,325,-1,325,376,377,-1,325,377,326,-1,326,377,378,-1,326,378,327,-1,327,378,379,-1,327,379,328,-1,328,379,380,-1,328,380,329,-1,329,380,381,-1,329,381,330,-1,330,381,382,-1,330,382,331,-1,331,382,383,-1,331,383,332,-1,332,383,384,-1,332,384,333,-1,333,384,385,-1,333,385,334,-1,334,385,386,-1,334,386,335,-1,335,386,387,-1,335,387,336,-1,336,387,388,-1,336,388,337,-1,337,388,389,-1,337,389,338,-1,338,389,390,-1,338,390,339,-1,339,390,391,-1,339,391,340,-1,340,391,392,-1,340,392,341,-1,341,392,393,-1,341,393,342,-1,342,393,394,-1,342,394,343,-1,343,394,395,-1,343,395,344,-1,344,395,396,-1,344,396,345,-1,345,396,397,-1,345,397,346,-1,346,397,398,-1,346,398,347,-1,347,398,399,-1,347,399,348,-1,348,399,400,-1,348,400,349,-1,349,400,350,-1,400,401,350,-1,350,401,402,-1,350,402,351,-1,351,402,403,-1,351,403,352,-1,352,403,404,-1,352,404,353,-1,353,404,405,-1,353,405,354,-1,354,405,406,-1,354,406,355,-1,355,406,407,-1,355,407,356,-1,356,407,408,-1,356,408,357,-1,357,408,409,-1,357,409,358,-1,358,409,410,-1,358,410,359,-1,359,410,411,-1,359,411,360,-1,360,411,412,-1,360,412,361,-1,361,412,413,-1,361,413,362,-1,362,413,414,-1,362,414,363,-1,363,414,415,-1,363,415,364,-1,364,415,416,-1,364,416,365,-1,365,416,417,-1,365,417,366,-1,366,417,418,-1,366,418,367,-1,367,418,419,-1,367,419,368,-1,368,419,420,-1,368,420,369,-1,369,420,421,-1,369,421,370,-1,370,421,422,-1,370,422,371,-1,371,422,423,-1,371,423,372,-1,372,423,424,-1,372,424,373,-1,373,424,425,-1,373,425,374,-1,374,425,426,-1,374,426,375,-1,375,426,427,-1,375,427,376,-1,376,427,428,-1,376,428,377,-1,377,428,429,-1,377,429,378,-1,378,429,430,-1,378,430,379,-1,379,430,431,-1,379,431,380,-1,380,431,432,-1,380,432,381,-1,381,432,433,-1,381,433,382,-1,382,433,434,-1,382,434,383,-1,383,434,435,-1,383,435,384,-1,384,435,436,-1,384,436,385,-1,385,436,437,-1,385,437,386,-1,386,437,438,-1,386,438,387,-1,387,438,439,-1,387,439,388,-1,388,439,440,-1,388,440,389,-1,389,440,441,-1,389,441,390,-1,390,441,442,-1,390,442,391,-1,391,442,443,-1,391,443,392,-1,392,443,444,-1,392,444,393,-1,393,444,445,-1,393,445,394,-1,394,445,446,-1,394,446,395,-1,395,446,447,-1,395,447,396,-1,396,447,448,-1,396,448,397,-1,397,448,449,-1,397,449,398,-1,398,449,450,-1,398,450,399,-1,399,450,451,-1,399,451,400,-1,400,451,401,-1,451,146,401,-1,401,146,145,-1,401,145,402,-1,402,145,152,-1,402,152,403,-1,403,152,151,-1,403,151,404,-1,404,151,150,-1,404,150,405,-1,405,150,155,-1,405,155,406,-1,406,155,154,-1,406,154,407,-1,407,154,153,-1,407,153,408,-1,408,153,158,-1,408,158,409,-1,409,158,157,-1,409,157,410,-1,410,157,156,-1,410,156,411,-1,411,156,161,-1,411,161,412,-1,412,161,160,-1,412,160,413,-1,413,160,159,-1,413,159,414,-1,414,159,164,-1,414,164,415,-1,415,164,163,-1,415,163,416,-1,416,163,162,-1,416,162,417,-1,417,162,167,-1,417,167,418,-1,418,167,166,-1,418,166,419,-1,419,166,165,-1,419,165,420,-1,420,165,170,-1,420,170,421,-1,421,170,169,-1,421,169,422,-1,422,169,168,-1,422,168,423,-1,423,168,173,-1,423,173,424,-1,424,173,172,-1,424,172,425,-1,425,172,171,-1,425,171,426,-1,426,171,176,-1,426,176,427,-1,427,176,175,-1,427,175,428,-1,428,175,174,-1,428,174,429,-1,429,174,179,-1,429,179,430,-1,430,179,178,-1,430,178,431,-1,431,178,177,-1,431,177,432,-1,432,177,182,-1,432,182,433,-1,433,182,181,-1,433,181,434,-1,434,181,180,-1,434,180,435,-1,435,180,185,-1,435,185,436,-1,436,185,184,-1,436,184,437,-1,437,184,183,-1,437,183,438,-1,438,183,188,-1,438,188,439,-1,439,188,187,-1,439,187,440,-1,440,187,186,-1,440,186,441,-1,441,186,191,-1,441,191,442,-1,442,191,190,-1,442,190,443,-1,443,190,189,-1,443,189,444,-1,444,189,194,-1,444,194,445,-1,445,194,193,-1,445,193,446,-1,446,193,192,-1,446,192,447,-1,447,192,196,-1,447,196,448,-1,448,196,195,-1,448,195,449,-1,449,195,149,-1,449,149,450,-1,450,149,148,-1,450,148,451,-1,451,148,146,-1,
        ]
    }
}
Shape{
    appearance Appearance {
        material  Material 	{
            diffuseColor 1.0 1.0 1.0
            specularColor 0.5019607843137255 0.5019607843137255 0.5019607843137255
            ambientIntensity 1.0
            transparency 0.0
            shininess 0.5
        }
    }
    geometry IndexedFaceSet {
        ccw TRUE
        solid FALSE
        coord DEF co Coordinate {
            point [
                -0.6096 -0.0787 0.0776, -0.6102 -0.0787 0.0827, -0.6693 -0.0787 0.0827, -0.6693 -0.0787 0.063, -0.6673 -0.0787 0.0477, -0.6076 -0.0787 0.0728, -0.6614 -0.0787 0.0335, -0.6045 -0.0787 0.0688, -0.652 -0.0787 0.0212, -0.6004 -0.0787 0.0656, -0.6102 -0.0787 0.0039, -0.5512 -0.0787 0.0039, -0.5512 -0.0787 0.063, -0.5906 -0.0787 0.063, -0.5956 -0.0787 0.0637, -0.6255 -0.0787 0.0059, -0.6398 -0.0787 0.0118, 0.6096 0.0787 0.0776, 0.6102 0.0787 0.0827, 0.6693 0.0787 0.0827, 0.6693 0.0787 0.063, 0.6673 0.0787 0.0477, 0.6076 0.0787 0.0728, 0.6614 0.0787 0.0335, 0.6045 0.0787 0.0688, 0.652 0.0787 0.0212, 0.6004 0.0787 0.0656, 0.6102 0.0787 0.0039, 0.5512 0.0787 0.0039, 0.5512 0.0787 0.063, 0.5906 0.0787 0.063, 0.5956 0.0787 0.0637, 0.6255 0.0787 0.0059, 0.6398 0.0787 0.0118, -0.6693 -0.1575 0.2992, -0.6693 0.1575 0.2992, -0.6693 0.1575 0.1614, -0.6693 0.0787 0.0827, -0.6693 0.0787 0.063, -0.6693 0.1344 0.1057, -0.6693 0.1181 0.0932, -0.6693 0.1548 0.141, -0.6693 0.1469 0.122, -0.6693 0.0991 0.0854, -0.6693 -0.0991 0.0854, -0.6693 -0.1181 0.0932, -0.6693 -0.1344 0.1057, -0.6693 -0.1469 0.122, -0.6693 -0.1548 0.141, -0.6693 -0.1575 0.1614, -0.6045 0.3937 0.2934, -0.6076 0.3937 0.2894, -0.6102 0.3937 0.2992, -0.6096 0.3937 0.2846, -0.6102 0.3937 0.2795, -0.5906 0.3937 0.2992, -0.5956 0.3937 0.2985, -0.6004 0.3937 0.2966, -0.6673 -0.1575 0.3145, -0.6673 0.1575 0.3145, -0.6614 -0.1575 0.3287, -0.6614 0.1575 0.3287, -0.652 -0.1575 0.341, -0.652 0.1575 0.341, -0.6398 -0.1575 0.3504, -0.6398 0.1575 0.3504, -0.6255 -0.1575 0.3563, -0.6255 0.1575 0.3563, -0.6102 -0.1575 0.3583, -0.6102 0.1575 0.3583, 0.6102 0.3937 0.2795, 0.6096 0.3937 0.2846, 0.6102 0.3937 0.2992, 0.6076 0.3937 0.2894, 0.6045 0.3937 0.2934, 0.6004 0.3937 0.2966, 0.5956 0.3937 0.2985, 0.5906 0.3937 0.2992, 0.5224 0.3852 0.3583, 0.5256 0.3611 0.3583, 0.6102 0.4921 0.3583, -0.5133 -0.4073 0.3583, -0.5224 -0.3852 0.3583, -0.6102 -0.4921 0.3583, -0.5256 -0.3611 0.3583, 0.5133 0.4073 0.3583, 0.5224 -0.3852 0.3583, 0.6102 -0.4921 0.3583, 0.5256 -0.3611 0.3583, 0.6102 -0.1575 0.3583, 0.6102 0.1575 0.3583, 0.4073 -0.5133 0.3583, 0.3852 -0.5224 0.3583, 0.4921 -0.6102 0.3583, 0.3611 -0.5256 0.3583, -0.3852 -0.5224 0.3583, -0.4073 -0.5133 0.3583, -0.4921 -0.6102 0.3583, -0.4265 -0.4985 0.3583, -0.4985 -0.4265 0.3583, -0.4073 0.5133 0.3583, -0.3852 0.5224 0.3583, -0.4921 0.6102 0.3583, -0.3611 0.5256 0.3583, 0.5133 -0.4073 0.3583, 0.4985 -0.4265 0.3583, 0.4265 -0.4985 0.3583, -0.5224 0.3852 0.3583, -0.6102 0.4921 0.3583, -0.5256 0.3611 0.3583, -0.5133 0.4073 0.3583, -0.4985 0.4265 0.3583, -0.4265 0.4985 0.3583, -0.3611 -0.5256 0.3583, -0.2362 -0.6102 0.3583, 0.2362 -0.6102 0.3583, 0.3852 0.5224 0.3583, 0.4921 0.6102 0.3583, 0.3611 0.5256 0.3583, 0.2362 0.6102 0.3583, -0.2362 0.6102 0.3583, 0.4073 0.5133 0.3583, 0.4265 0.4985 0.3583, 0.4985 0.4265 0.3583, 0.2362 -0.6102 0.2992, 0.2362 -0.6102 0.0827, -0.2362 -0.6102 0.2992, 0.0787 -0.6102 0.0827, -0.2362 -0.6102 0.0827, -0.0787 -0.6102 0.0827, -0.0787 -0.6102 0.0394, 0.0787 -0.6102 0.0394, 0.0774 -0.6102 0.0292, 0.0735 -0.6102 0.0197, 0.0394 -0.6102 0.0, 0.0672 -0.6102 0.0115, 0.0496 -0.6102 0.0013, 0.0591 -0.6102 0.0053, -0.0496 -0.6102 0.0013, -0.0774 -0.6102 0.0292, -0.0394 -0.6102 0.0, -0.0591 -0.6102 0.0053, -0.0672 -0.6102 0.0115, -0.0735 -0.6102 0.0197, -0.0787 -0.6693 0.0827, -0.2362 -0.6693 0.0827, 0.0787 -0.6693 0.0827, 0.2362 -0.6693 0.0827, 0.2362 -0.6693 0.2992, -0.2362 -0.6693 0.2992, -0.0394 -0.6693 0.0, 0.0394 -0.6693 0.0, 0.0787 -0.6693 0.0394, 0.0774 -0.6693 0.0292, 0.0496 -0.6693 0.0013, 0.0591 -0.6693 0.0053, 0.0672 -0.6693 0.0115, -0.0672 -0.6693 0.0115, -0.0591 -0.6693 0.0053, -0.0735 -0.6693 0.0197, -0.0774 -0.6693 0.0292, -0.0787 -0.6693 0.0394, -0.0496 -0.6693 0.0013, 0.0735 -0.6693 0.0197, 0.4921 -0.6102 0.2992, -0.4921 -0.6102 0.2992, -0.2362 0.6102 0.2992, -0.4921 0.6102 0.2992, 0.2362 0.6102 0.2992, 0.4921 0.6102 0.2992, 0.6693 -0.0787 0.0827, 0.6102 -0.0787 0.0827, 0.6693 -0.0787 0.063, 0.6096 -0.0787 0.0776, 0.6673 -0.0787 0.0477, 0.6076 -0.0787 0.0728, 0.5512 -0.0787 0.063, 0.5512 -0.0787 0.0039, 0.5906 -0.0787 0.063, 0.6102 -0.0787 0.0039, 0.5956 -0.0787 0.0637, 0.6255 -0.0787 0.0059, 0.6004 -0.0787 0.0656, 0.6398 -0.0787 0.0118, 0.6045 -0.0787 0.0688, 0.652 -0.0787 0.0212, 0.6614 -0.0787 0.0335, 0.6102 0.1548 0.141, 0.6102 0.1469 0.122, 0.6102 0.1575 0.1614, 0.6102 0.1344 0.1057, 0.6102 0.1181 0.0932, 0.6102 0.0991 0.0854, 0.6102 0.1575 0.2795, 0.6102 -0.1181 0.0932, 0.6102 -0.1344 0.1057, 0.6102 -0.1575 0.1614, 0.6102 -0.1469 0.122, 0.6102 -0.1548 0.141, 0.6102 -0.1575 0.2795, 0.6102 -0.0991 0.0854, 0.6693 0.0991 0.0854, 0.6693 0.1181 0.0932, 0.6693 -0.1575 0.2992, 0.6693 0.1344 0.1057, 0.6693 0.1469 0.122, 0.6693 0.1548 0.141, 0.6693 0.1575 0.1614, 0.6693 0.1575 0.2992, 0.6693 -0.1181 0.0932, 0.6693 -0.1575 0.1614, 0.6693 -0.1344 0.1057, 0.6693 -0.1548 0.141, 0.6693 -0.1469 0.122, 0.6693 -0.0991 0.0854, 0.4035 -0.1443 0.0039, 0.4547 0.1575 0.0039, 0.477 0.1549 0.0039, 0.4547 -0.1575 0.0039, 0.4528 -0.1575 0.0039, 0.4981 0.1474 0.0039, 0.517 0.1353 0.0039, 0.5326 0.1192 0.0039, 0.3675 0.1083 0.0039, 0.4528 0.1575 0.0039, 0.3577 0.0845 0.0039, 0.3543 0.0591 0.0039, 0.4273 -0.1541 0.0039, 0.5442 0.1 0.0039, 0.3832 -0.1287 0.0039, 0.3675 -0.1083 0.0039, 0.3577 -0.0845 0.0039, 0.3543 -0.0591 0.0039, 0.3832 0.1287 0.0039, 0.4035 0.1443 0.0039, 0.4273 0.1541 0.0039, 0.5442 -0.1 0.0039, 0.477 -0.1549 0.0039, 0.5326 -0.1192 0.0039, 0.4981 -0.1474 0.0039, 0.517 -0.1353 0.0039, 0.6045 -0.3937 0.2934, 0.6076 -0.3937 0.2894, 0.6102 -0.3937 0.2992, 0.6096 -0.3937 0.2846, 0.6102 -0.3937 0.2795, 0.5906 -0.3937 0.2992, 0.5956 -0.3937 0.2985, 0.6004 -0.3937 0.2966, 0.6102 -0.4921 0.2992, -0.6102 -0.4921 0.2992, -0.6102 -0.3937 0.2992, -0.6102 -0.3937 0.2795, -0.6102 -0.1575 0.2795, -0.6102 0.4921 0.2992, -0.6102 0.1575 0.2795, 0.6102 0.4921 0.2992, 0.0822 0.3244 0.4764, 0.1344 0.3065 0.4764, 0.3531 0.4137 0.4764, 0.183 -0.2802 0.4764, 0.1344 -0.3065 0.4764, 0.3531 -0.4137 0.4764, 0.2943 0.1593 0.4764, 0.3165 0.1087 0.4764, 0.4137 0.3531 0.4764, 0.3165 -0.1087 0.4764, 0.2943 -0.1593 0.4764, 0.4137 -0.3531 0.4764, 0.2641 -0.2055 0.4764, 0.2266 -0.2462 0.4764, 0.183 0.2802 0.4764, 0.2266 0.2462 0.4764, 0.2641 0.2055 0.4764, 0.3301 0.0551 0.4764, 0.3346 0.0 0.4764, 0.3301 -0.0551 0.4764, -0.0822 -0.3244 0.4764, -0.1344 -0.3065 0.4764, -0.3531 -0.4137 0.4764, -0.183 -0.2802 0.4764, -0.2266 -0.2462 0.4764, -0.4137 -0.3531 0.4764, 0.0822 -0.3244 0.4764, 0.0276 -0.3335 0.4764, -0.0276 -0.3335 0.4764, -0.2641 -0.2055 0.4764, -0.2943 -0.1593 0.4764, -0.3165 -0.1087 0.4764, -0.3301 -0.0551 0.4764, -0.3346 0.0 0.4764, -0.4137 0.3531 0.4764, -0.3301 0.0551 0.4764, -0.3165 0.1087 0.4764, -0.183 0.2802 0.4764, -0.1344 0.3065 0.4764, -0.3531 0.4137 0.4764, -0.2943 0.1593 0.4764, -0.2641 0.2055 0.4764, -0.2266 0.2462 0.4764, -0.0822 0.3244 0.4764, -0.0276 0.3335 0.4764, 0.0276 0.3335 0.4764, 0.4854 -0.4134 0.3712, 0.466 -0.4054 0.4246, 0.4134 -0.4854 0.3712, 0.4054 -0.466 0.4246, 0.5071 0.3611 0.3712, 0.4877 0.3531 0.4246, 0.5071 -0.3611 0.3712, 0.4877 -0.3531 0.4246, 0.3611 -0.5071 0.3712, 0.3531 -0.4877 0.4246, -0.3611 -0.5071 0.3712, -0.3531 -0.4877 0.4246, 0.4134 0.4854 0.3712, 0.4054 0.466 0.4246, 0.4854 0.4134 0.3712, 0.466 0.4054 0.4246, -0.4134 -0.4854 0.3712, -0.4054 -0.466 0.4246, -0.4854 -0.4134 0.3712, -0.466 -0.4054 0.4246, -0.3611 0.5071 0.3712, -0.3531 0.4877 0.4246, 0.3611 0.5071 0.3712, 0.3531 0.4877 0.4246, -0.5071 -0.3611 0.3712, -0.4877 -0.3531 0.4246, -0.5071 0.3611 0.3712, -0.4877 0.3531 0.4246, -0.4854 0.4134 0.3712, -0.466 0.4054 0.4246, -0.4134 0.4854 0.3712, -0.4054 0.466 0.4246, -0.492 -0.4061 0.371, -0.4744 -0.3936 0.4259, -0.4974 -0.3981 0.3708, -0.4772 -0.3898 0.4263, -0.4974 -0.3981 0.3708, -0.4809 -0.3809 0.4263, -0.5017 -0.3894 0.3707, -0.5047 -0.3803 0.3708, -0.4845 -0.372 0.4263, -0.5047 -0.3803 0.3708, -0.4853 -0.3673 0.4259, -0.5066 -0.3709 0.371, -0.3709 -0.5066 0.371, -0.3673 -0.4853 0.4259, -0.3803 -0.5047 0.3708, -0.372 -0.4845 0.4263, -0.3804 -0.5047 0.3708, -0.3809 -0.4809 0.4263, -0.3896 -0.5016 0.3707, -0.3981 -0.4974 0.3708, -0.3898 -0.4772 0.4263, -0.3982 -0.4974 0.3708, -0.3936 -0.4744 0.4259, -0.4061 -0.492 0.371, -0.5066 0.3709 0.371, -0.4853 0.3673 0.4259, -0.5047 0.3803 0.3708, -0.4845 0.372 0.4263, -0.5047 0.3804 0.3708, -0.4809 0.3809 0.4263, -0.5016 0.3896 0.3707, -0.4974 0.3981 0.3708, -0.4772 0.3898 0.4263, -0.4974 0.3982 0.3708, -0.4744 0.3936 0.4259, -0.492 0.4061 0.371, -0.4061 0.492 0.371, -0.3936 0.4744 0.4259, -0.3981 0.4974 0.3708, -0.3898 0.4772 0.4263, -0.3981 0.4974 0.3708, -0.3809 0.4809 0.4263, -0.3894 0.5017 0.3707, -0.3803 0.5047 0.3708, -0.372 0.4845 0.4263, -0.3803 0.5047 0.3708, -0.3673 0.4853 0.4259, -0.3709 0.5066 0.371, 0.3709 0.5066 0.371, 0.3673 0.4853 0.4259, 0.3803 0.5047 0.3708, 0.372 0.4845 0.4263, 0.3804 0.5047 0.3708, 0.3809 0.4809 0.4263, 0.3896 0.5016 0.3707, 0.3981 0.4974 0.3708, 0.3898 0.4772 0.4263, 0.3982 0.4974 0.3708, 0.3936 0.4744 0.4259, 0.4061 0.492 0.371, 0.492 0.4061 0.371, 0.4744 0.3936 0.4259, 0.4974 0.3981 0.3708, 0.4772 0.3898 0.4263, 0.4974 0.3981 0.3708, 0.4809 0.3809 0.4263, 0.5017 0.3894 0.3707, 0.5047 0.3803 0.3708, 0.4845 0.372 0.4263, 0.5047 0.3803 0.3708, 0.4853 0.3673 0.4259, 0.5066 0.3709 0.371, 0.5066 -0.3709 0.371, 0.4853 -0.3673 0.4259, 0.5047 -0.3803 0.3708, 0.4845 -0.372 0.4263, 0.5047 -0.3804 0.3708, 0.4809 -0.3809 0.4263, 0.5016 -0.3896 0.3707, 0.4974 -0.3981 0.3708, 0.4772 -0.3898 0.4263, 0.4974 -0.3982 0.3708, 0.4744 -0.3936 0.4259, 0.492 -0.4061 0.371, 0.4061 -0.492 0.371, 0.3936 -0.4744 0.4259, 0.3981 -0.4974 0.3708, 0.3898 -0.4772 0.4263, 0.3981 -0.4974 0.3708, 0.3809 -0.4809 0.4263, 0.3894 -0.5017 0.3707, 0.3803 -0.5047 0.3708, 0.372 -0.4845 0.4263, 0.3803 -0.5047 0.3708, 0.3673 -0.4853 0.4259, 0.3709 -0.5066 0.371, 0.4797 -0.3662 0.4386, 0.4758 -0.3788 0.4386, 0.4696 -0.3904 0.4386, 0.4613 -0.4006 0.4386, 0.4327 -0.3531 0.4738, 0.4294 -0.3562 0.4747, 0.4451 -0.3531 0.4699, 0.4444 -0.3592 0.4699, 0.4505 -0.3531 0.4668, 0.4582 -0.3619 0.462, 0.425 -0.3644 0.4747, 0.427 -0.362 0.4747, 0.4271 -0.3665 0.4738, 0.4398 -0.3705 0.4699, 0.4359 -0.3752 0.4699, 0.4514 -0.3783 0.462, 0.4397 -0.3791 0.4668, 0.4787 -0.3531 0.4415, 0.4712 -0.3531 0.4514, 0.4701 -0.3643 0.4514, 0.4661 -0.3531 0.4558, 0.4591 -0.3531 0.462, 0.4285 -0.3592 0.4747, 0.4427 -0.3651 0.4699, 0.4556 -0.3704 0.462, 0.4668 -0.3751 0.4514, 0.4615 -0.385 0.4514, 0.4297 -0.3531 0.4747, 0.481 -0.3531 0.4386, 0.4458 -0.3852 0.462, 0.4508 -0.3901 0.4558, 0.4544 -0.3937 0.4514, 0.4597 -0.3991 0.4415, 0.4297 0.3531 0.4747, 0.4327 0.3531 0.4738, 0.4451 0.3531 0.4699, 0.4505 0.3531 0.4668, 0.4591 0.3531 0.462, 0.4661 0.3531 0.4558, 0.4712 0.3531 0.4514, 0.4787 0.3531 0.4415, 0.481 0.3531 0.4386, 0.4006 -0.4613 0.4386, 0.3991 -0.4597 0.4415, 0.3937 -0.4544 0.4514, 0.3901 -0.4508 0.4558, 0.3852 -0.4458 0.462, 0.3791 -0.4397 0.4668, 0.3752 -0.4359 0.4699, 0.3665 -0.4271 0.4738, 0.3644 -0.425 0.4747, 0.4696 0.3904 0.4386, 0.4758 0.3788 0.4386, 0.4797 0.3662 0.4386, 0.4271 0.3665 0.4738, 0.427 0.362 0.4747, 0.4359 0.3752 0.4699, 0.4398 0.3705 0.4699, 0.4397 0.3791 0.4668, 0.4514 0.3783 0.462, 0.4294 0.3562 0.4747, 0.4444 0.3592 0.4699, 0.4582 0.3619 0.462, 0.4597 0.3991 0.4415, 0.4544 0.3937 0.4514, 0.4615 0.385 0.4514, 0.4508 0.3901 0.4558, 0.4458 0.3852 0.462, 0.4285 0.3592 0.4747, 0.4427 0.3651 0.4699, 0.4556 0.3704 0.462, 0.4668 0.3751 0.4514, 0.4701 0.3643 0.4514, 0.425 0.3644 0.4747, 0.4613 0.4006 0.4386, 0.3904 -0.4696 0.4386, 0.3788 -0.4758 0.4386, 0.3662 -0.4797 0.4386, 0.3531 -0.481 0.4386, 0.362 -0.427 0.4747, 0.3705 -0.4398 0.4699, 0.3783 -0.4514 0.462, 0.3531 -0.4297 0.4747, 0.3562 -0.4294 0.4747, 0.3531 -0.4327 0.4738, 0.3592 -0.4444 0.4699, 0.3531 -0.4451 0.4699, 0.3619 -0.4582 0.462, 0.3531 -0.4505 0.4668, 0.385 -0.4615 0.4514, 0.3592 -0.4285 0.4747, 0.3651 -0.4427 0.4699, 0.3704 -0.4556 0.462, 0.3751 -0.4668 0.4514, 0.3643 -0.4701 0.4514, 0.3531 -0.4591 0.462, 0.3531 -0.4661 0.4558, 0.3531 -0.4712 0.4514, 0.3531 -0.4787 0.4415, 0.4006 0.4613 0.4386, 0.3991 0.4597 0.4415, 0.3937 0.4544 0.4514, 0.3901 0.4508 0.4558, 0.3852 0.4458 0.462, 0.3791 0.4397 0.4668, 0.3752 0.4359 0.4699, 0.3665 0.4271 0.4738, 0.3644 0.425 0.4747, -0.3531 -0.481 0.4386, -0.3531 -0.4787 0.4415, -0.3531 -0.4712 0.4514, -0.3531 -0.4661 0.4558, -0.3531 -0.4591 0.462, -0.3531 -0.4505 0.4668, -0.3531 -0.4451 0.4699, -0.3531 -0.4327 0.4738, -0.3531 -0.4297 0.4747, 0.3662 0.4797 0.4386, 0.3788 0.4758 0.4386, 0.3904 0.4696 0.4386, 0.3531 0.4327 0.4738, 0.3562 0.4294 0.4747, 0.3531 0.4451 0.4699, 0.3592 0.4444 0.4699, 0.3531 0.4505 0.4668, 0.3619 0.4582 0.462, 0.362 0.427 0.4747, 0.3705 0.4398 0.4699, 0.3783 0.4514 0.462, 0.3531 0.4787 0.4415, 0.3531 0.4712 0.4514, 0.3643 0.4701 0.4514, 0.3531 0.4661 0.4558, 0.3531 0.4591 0.462, 0.3592 0.4285 0.4747, 0.3651 0.4427 0.4699, 0.3704 0.4556 0.462, 0.3751 0.4668 0.4514, 0.385 0.4615 0.4514, 0.3531 0.4297 0.4747, 0.3531 0.481 0.4386, -0.3662 -0.4797 0.4386, -0.3788 -0.4758 0.4386, -0.3904 -0.4696 0.4386, -0.4006 -0.4613 0.4386, -0.3562 -0.4294 0.4747, -0.3592 -0.4444 0.4699, -0.3619 -0.4582 0.462, -0.3644 -0.425 0.4747, -0.362 -0.427 0.4747, -0.3665 -0.4271 0.4738, -0.3705 -0.4398 0.4699, -0.3752 -0.4359 0.4699, -0.3783 -0.4514 0.462, -0.3791 -0.4397 0.4668, -0.3643 -0.4701 0.4514, -0.3592 -0.4285 0.4747, -0.3651 -0.4427 0.4699, -0.3704 -0.4556 0.462, -0.3751 -0.4668 0.4514, -0.385 -0.4615 0.4514, -0.3852 -0.4458 0.462, -0.3901 -0.4508 0.4558, -0.3937 -0.4544 0.4514, -0.3991 -0.4597 0.4415, -0.3531 0.481 0.4386, -0.3531 0.4787 0.4415, -0.3531 0.4712 0.4514, -0.3531 0.4661 0.4558, -0.3531 0.4591 0.462, -0.3531 0.4505 0.4668, -0.3531 0.4451 0.4699, -0.3531 0.4327 0.4738, -0.3531 0.4297 0.4747, -0.4613 -0.4006 0.4386, -0.4597 -0.3991 0.4415, -0.4544 -0.3937 0.4514, -0.4508 -0.3901 0.4558, -0.4458 -0.3852 0.462, -0.4397 -0.3791 0.4668, -0.4359 -0.3752 0.4699, -0.4271 -0.3665 0.4738, -0.425 -0.3644 0.4747, -0.3904 0.4696 0.4386, -0.3788 0.4758 0.4386, -0.3662 0.4797 0.4386, -0.3665 0.4271 0.4738, -0.362 0.427 0.4747, -0.3752 0.4359 0.4699, -0.3705 0.4398 0.4699, -0.3791 0.4397 0.4668, -0.3783 0.4514 0.462, -0.3562 0.4294 0.4747, -0.3592 0.4444 0.4699, -0.3619 0.4582 0.462, -0.3991 0.4597 0.4415, -0.3937 0.4544 0.4514, -0.385 0.4615 0.4514, -0.3901 0.4508 0.4558, -0.3852 0.4458 0.462, -0.3592 0.4285 0.4747, -0.3651 0.4427 0.4699, -0.3704 0.4556 0.462, -0.3751 0.4668 0.4514, -0.3643 0.4701 0.4514, -0.3644 0.425 0.4747, -0.4006 0.4613 0.4386, -0.4696 -0.3904 0.4386, -0.4758 -0.3788 0.4386, -0.4797 -0.3662 0.4386, -0.481 -0.3531 0.4386, -0.427 -0.362 0.4747, -0.4398 -0.3705 0.4699, -0.4514 -0.3783 0.462, -0.4297 -0.3531 0.4747, -0.4294 -0.3562 0.4747, -0.4327 -0.3531 0.4738, -0.4444 -0.3592 0.4699, -0.4451 -0.3531 0.4699, -0.4582 -0.3619 0.462, -0.4505 -0.3531 0.4668, -0.4615 -0.385 0.4514, -0.4285 -0.3592 0.4747, -0.4427 -0.3651 0.4699, -0.4556 -0.3704 0.462, -0.4668 -0.3751 0.4514, -0.4701 -0.3643 0.4514, -0.4591 -0.3531 0.462, -0.4661 -0.3531 0.4558, -0.4712 -0.3531 0.4514, -0.4787 -0.3531 0.4415, -0.4613 0.4006 0.4386, -0.4597 0.3991 0.4415, -0.4544 0.3937 0.4514, -0.4508 0.3901 0.4558, -0.4458 0.3852 0.462, -0.4397 0.3791 0.4668, -0.4359 0.3752 0.4699, -0.4271 0.3665 0.4738, -0.425 0.3644 0.4747, -0.4297 0.3531 0.4747, -0.4327 0.3531 0.4738, -0.4451 0.3531 0.4699, -0.4505 0.3531 0.4668, -0.4591 0.3531 0.462, -0.4661 0.3531 0.4558, -0.4712 0.3531 0.4514, -0.4787 0.3531 0.4415, -0.481 0.3531 0.4386, -0.4797 0.3662 0.4386, -0.4758 0.3788 0.4386, -0.4696 0.3904 0.4386, -0.4294 0.3562 0.4747, -0.4444 0.3592 0.4699, -0.4582 0.3619 0.462, -0.427 0.362 0.4747, -0.4398 0.3705 0.4699, -0.4514 0.3783 0.462, -0.4701 0.3643 0.4514, -0.4285 0.3592 0.4747, -0.4427 0.3651 0.4699, -0.4556 0.3704 0.462, -0.4668 0.3751 0.4514, -0.4615 0.385 0.4514, 0.42 0.492 0.3606, 0.4231 0.4951 0.3589, 0.4145 0.5028 0.3588, 0.3611 0.5093 0.3669, 0.3611 0.5124 0.3633, 0.3712 0.5087 0.3668, 0.381 0.5069 0.3666, 0.3904 0.5037 0.3666, 0.3993 0.4993 0.3666, 0.4075 0.4937 0.3668, 0.415 0.487 0.3669, 0.4094 0.4962 0.3632, 0.4008 0.502 0.3631, 0.3916 0.5066 0.3631, 0.3818 0.5099 0.3631, 0.3716 0.5119 0.3632, 0.3611 0.5164 0.3606, 0.4172 0.4892 0.3633, 0.4118 0.4993 0.3605, 0.4028 0.5054 0.3605, 0.3931 0.5102 0.3605, 0.3828 0.5137 0.3605, 0.3721 0.5157 0.3605, 0.3611 0.5208 0.3589, 0.405 0.5092 0.3588, 0.3948 0.5143 0.3588, 0.384 0.5179 0.3588, 0.3727 0.5201 0.3588, 0.3733 0.5248 0.3583, 0.3852 0.5224 0.3583, 0.3966 0.5186 0.3583, 0.4073 0.5132 0.3583, 0.4173 0.5065 0.3583, 0.487 0.415 0.3669, 0.4892 0.4172 0.3633, 0.492 0.42 0.3606, 0.4951 0.4231 0.3589, -0.3611 0.5093 0.3669, -0.3611 0.5124 0.3633, -0.3611 0.5164 0.3606, -0.3611 0.5208 0.3589, 0.5164 0.3611 0.3606, 0.5208 0.3611 0.3589, 0.5201 0.3726 0.3588, 0.4937 0.4074 0.3668, 0.4994 0.3992 0.3666, 0.5038 0.3903 0.3666, 0.5069 0.3809 0.3666, 0.5087 0.3712 0.3668, 0.5093 0.3611 0.3669, 0.5119 0.3716 0.3632, 0.5099 0.3817 0.3631, 0.5067 0.3915 0.3631, 0.5021 0.4007 0.3631, 0.4962 0.4094 0.3632, 0.5124 0.3611 0.3633, 0.5157 0.3721 0.3605, 0.5137 0.3827 0.3605, 0.5102 0.393 0.3605, 0.5054 0.4027 0.3605, 0.4993 0.4117 0.3605, 0.5179 0.3839 0.3588, 0.5143 0.3947 0.3588, 0.5093 0.4049 0.3588, 0.5028 0.4144 0.3588, 0.5066 0.4173 0.3583, 0.5133 0.4072 0.3583, 0.5186 0.3964 0.3583, 0.5225 0.3851 0.3583, 0.5248 0.3733 0.3583, -0.3726 0.5201 0.3588, -0.415 0.487 0.3669, -0.4172 0.4892 0.3633, -0.4074 0.4937 0.3668, -0.3992 0.4994 0.3666, -0.3903 0.5038 0.3666, -0.3809 0.5069 0.3666, -0.3712 0.5087 0.3668, -0.3716 0.5119 0.3632, -0.3817 0.5099 0.3631, -0.3915 0.5067 0.3631, -0.4007 0.5021 0.3631, -0.4094 0.4962 0.3632, -0.42 0.492 0.3606, -0.3721 0.5157 0.3605, -0.3827 0.5137 0.3605, -0.393 0.5102 0.3605, -0.4027 0.5054 0.3605, -0.4117 0.4993 0.3605, -0.4231 0.4951 0.3589, -0.3839 0.5179 0.3588, -0.3947 0.5143 0.3588, -0.4049 0.5093 0.3588, -0.4144 0.5028 0.3588, -0.4173 0.5066 0.3583, -0.4072 0.5133 0.3583, -0.3964 0.5186 0.3583, -0.3851 0.5225 0.3583, -0.3733 0.5248 0.3583, 0.5093 -0.3611 0.3669, 0.5124 -0.3611 0.3633, 0.5164 -0.3611 0.3606, 0.5208 -0.3611 0.3589, -0.487 0.415 0.3669, -0.4892 0.4172 0.3633, -0.492 0.42 0.3606, -0.4951 0.4231 0.3589, 0.492 -0.42 0.3606, 0.4951 -0.4231 0.3589, 0.5028 -0.4145 0.3588, 0.5087 -0.3712 0.3668, 0.5069 -0.381 0.3666, 0.5037 -0.3904 0.3666, 0.4993 -0.3993 0.3666, 0.4937 -0.4075 0.3668, 0.487 -0.415 0.3669, 0.4962 -0.4094 0.3632, 0.502 -0.4008 0.3631, 0.5066 -0.3916 0.3631, 0.5099 -0.3818 0.3631, 0.5119 -0.3716 0.3632, 0.4892 -0.4172 0.3633, 0.4993 -0.4118 0.3605, 0.5054 -0.4028 0.3605, 0.5102 -0.3931 0.3605, 0.5137 -0.3828 0.3605, 0.5157 -0.3721 0.3605, 0.5092 -0.405 0.3588, 0.5143 -0.3948 0.3588, 0.5179 -0.384 0.3588, 0.5201 -0.3727 0.3588, 0.5248 -0.3733 0.3583, 0.5224 -0.3852 0.3583, 0.5186 -0.3966 0.3583, 0.5132 -0.4073 0.3583, 0.5065 -0.4173 0.3583, -0.5028 0.4145 0.3588, -0.5093 0.3611 0.3669, -0.5124 0.3611 0.3633, -0.5087 0.3712 0.3668, -0.5069 0.381 0.3666, -0.5037 0.3904 0.3666, -0.4993 0.3993 0.3666, -0.4937 0.4075 0.3668, -0.4962 0.4094 0.3632, -0.502 0.4008 0.3631, -0.5066 0.3916 0.3631, -0.5099 0.3818 0.3631, -0.5119 0.3716 0.3632, -0.5164 0.3611 0.3606, -0.4993 0.4118 0.3605, -0.5054 0.4028 0.3605, -0.5102 0.3931 0.3605, -0.5137 0.3828 0.3605, -0.5157 0.3721 0.3605, -0.5208 0.3611 0.3589, -0.5092 0.405 0.3588, -0.5143 0.3948 0.3588, -0.5179 0.384 0.3588, -0.5201 0.3727 0.3588, -0.5248 0.3733 0.3583, -0.5224 0.3852 0.3583, -0.5186 0.3966 0.3583, -0.5132 0.4073 0.3583, -0.5065 0.4173 0.3583, 0.415 -0.487 0.3669, 0.4172 -0.4892 0.3633, 0.42 -0.492 0.3606, 0.4231 -0.4951 0.3589, -0.5093 -0.3611 0.3669, -0.5124 -0.3611 0.3633, -0.5164 -0.3611 0.3606, -0.5208 -0.3611 0.3589, 0.3611 -0.5164 0.3606, 0.3611 -0.5208 0.3589, 0.3726 -0.5201 0.3588, 0.4074 -0.4937 0.3668, 0.3992 -0.4994 0.3666, 0.3903 -0.5038 0.3666, 0.3809 -0.5069 0.3666, 0.3712 -0.5087 0.3668, 0.3611 -0.5093 0.3669, 0.3716 -0.5119 0.3632, 0.3817 -0.5099 0.3631, 0.3915 -0.5067 0.3631, 0.4007 -0.5021 0.3631, 0.4094 -0.4962 0.3632, 0.3611 -0.5124 0.3633, 0.3721 -0.5157 0.3605, 0.3827 -0.5137 0.3605, 0.393 -0.5102 0.3605, 0.4027 -0.5054 0.3605, 0.4117 -0.4993 0.3605, 0.3839 -0.5179 0.3588, 0.3947 -0.5143 0.3588, 0.4049 -0.5093 0.3588, 0.4144 -0.5028 0.3588, 0.4173 -0.5066 0.3583, 0.4072 -0.5133 0.3583, 0.3964 -0.5186 0.3583, 0.3851 -0.5225 0.3583, 0.3733 -0.5248 0.3583, -0.5201 -0.3726 0.3588, -0.487 -0.415 0.3669, -0.4892 -0.4172 0.3633, -0.4937 -0.4074 0.3668, -0.4994 -0.3992 0.3666, -0.5038 -0.3903 0.3666, -0.5069 -0.3809 0.3666, -0.5087 -0.3712 0.3668, -0.5119 -0.3716 0.3632, -0.5099 -0.3817 0.3631, -0.5067 -0.3915 0.3631, -0.5021 -0.4007 0.3631, -0.4962 -0.4094 0.3632, -0.492 -0.42 0.3606, -0.5157 -0.3721 0.3605, -0.5137 -0.3827 0.3605, -0.5102 -0.393 0.3605, -0.5054 -0.4027 0.3605, -0.4993 -0.4117 0.3605, -0.4951 -0.4231 0.3589, -0.5179 -0.3839 0.3588, -0.5143 -0.3947 0.3588, -0.5093 -0.4049 0.3588, -0.5028 -0.4144 0.3588, -0.5066 -0.4173 0.3583, -0.5133 -0.4072 0.3583, -0.5186 -0.3964 0.3583, -0.5225 -0.3851 0.3583, -0.5248 -0.3733 0.3583, -0.3611 -0.5093 0.3669, -0.3611 -0.5124 0.3633, -0.3611 -0.5164 0.3606, -0.3611 -0.5208 0.3589, -0.415 -0.487 0.3669, -0.4172 -0.4892 0.3633, -0.42 -0.492 0.3606, -0.4231 -0.4951 0.3589, -0.4145 -0.5028 0.3588, -0.3712 -0.5087 0.3668, -0.381 -0.5069 0.3666, -0.3904 -0.5037 0.3666, -0.3993 -0.4993 0.3666, -0.4075 -0.4937 0.3668, -0.4094 -0.4962 0.3632, -0.4008 -0.502 0.3631, -0.3916 -0.5066 0.3631, -0.3818 -0.5099 0.3631, -0.3716 -0.5119 0.3632, -0.4118 -0.4993 0.3605, -0.4028 -0.5054 0.3605, -0.3931 -0.5102 0.3605, -0.3828 -0.5137 0.3605, -0.3721 -0.5157 0.3605, -0.405 -0.5092 0.3588, -0.3948 -0.5143 0.3588, -0.384 -0.5179 0.3588, -0.3727 -0.5201 0.3588, -0.3733 -0.5248 0.3583, -0.3852 -0.5224 0.3583, -0.3966 -0.5186 0.3583, -0.4073 -0.5132 0.3583, -0.4173 -0.5065 0.3583, -0.2943 0.1593 0.4173, -0.3165 0.1087 0.4173, -0.4137 0.3531 0.4173, -0.3165 -0.1087 0.4173, -0.2943 -0.1593 0.4173, -0.4137 -0.3531 0.4173, -0.2641 -0.2055 0.4173, -0.3531 -0.4137 0.4173, -0.2266 -0.2462 0.4173, -0.183 -0.2802 0.4173, -0.1344 -0.3065 0.4173, -0.0822 -0.3244 0.4173, -0.1344 0.3065 0.4173, -0.183 0.2802 0.4173, -0.3531 0.4137 0.4173, -0.2266 0.2462 0.4173, -0.2641 0.2055 0.4173, -0.3301 0.0551 0.4173, -0.3346 0.0 0.4173, -0.3301 -0.0551 0.4173, 0.1344 -0.3065 0.4173, 0.183 -0.2802 0.4173, 0.3531 -0.4137 0.4173, 0.2266 -0.2462 0.4173, 0.4137 -0.3531 0.4173, -0.0276 -0.3335 0.4173, 0.0276 -0.3335 0.4173, 0.0822 -0.3244 0.4173, 0.2641 -0.2055 0.4173, 0.2943 -0.1593 0.4173, 0.3165 -0.1087 0.4173, 0.3301 -0.0551 0.4173, 0.3346 -0.0 0.4173, 0.4137 0.3531 0.4173, 0.3301 0.0551 0.4173, 0.3165 0.1087 0.4173, 0.183 0.2802 0.4173, 0.1344 0.3065 0.4173, 0.3531 0.4137 0.4173, 0.0822 0.3244 0.4173, 0.2943 0.1593 0.4173, 0.2641 0.2055 0.4173, 0.2266 0.2462 0.4173, 0.0276 0.3335 0.4173, -0.0276 0.3335 0.4173, -0.0822 0.3244 0.4173, -0.3578 -0.4314 0.4048, -0.3578 -0.4314 0.4048, -0.3573 -0.4295 0.4085, -0.3622 -0.4296 0.4048, -0.3661 -0.4268 0.4044, -0.3646 -0.4253 0.4085, -0.3622 -0.4296 0.4048, -0.3612 -0.4279 0.4085, -0.3531 -0.4322 0.4044, -0.3531 -0.4301 0.4085, -0.3531 -0.43 0.4086, -0.3565 -0.4265 0.4122, -0.3646 -0.4252 0.4086, -0.3597 -0.4252 0.4122, -0.3555 -0.4227 0.415, -0.3531 -0.4269 0.4123, -0.3531 -0.4269 0.4122, -0.3624 -0.423 0.4122, -0.3624 -0.423 0.4123, -0.3577 -0.4217 0.415, -0.3543 -0.4183 0.4167, -0.3531 -0.4229 0.415, -0.3531 -0.423 0.415, -0.3564 -0.4171 0.4167, -0.3555 -0.4178 0.4167, -0.3596 -0.4202 0.415, -0.3596 -0.4203 0.415, -0.3531 -0.4184 0.4167, -0.3531 -0.4185 0.4167, -0.3564 -0.4171 0.4167, -0.4171 -0.3564 0.4167, -0.4171 -0.3564 0.4167, -0.4202 -0.3596 0.415, -0.4203 -0.3596 0.415, -0.423 -0.3624 0.4123, -0.423 -0.3624 0.4122, -0.4252 -0.3646 0.4086, -0.4253 -0.3646 0.4085, -0.4268 -0.3661 0.4044, -0.4314 -0.3578 0.4048, -0.4316 -0.3566 0.4047, -0.4298 -0.3563 0.4085, -0.4322 -0.3531 0.4044, -0.4296 -0.3622 0.4048, -0.4305 -0.36 0.4048, -0.4288 -0.3593 0.4085, -0.4273 -0.3622 0.4085, -0.4289 -0.3632 0.4047, -0.4247 -0.3604 0.4122, -0.4301 -0.3531 0.4085, -0.43 -0.3531 0.4086, -0.4267 -0.3556 0.4122, -0.4214 -0.3582 0.415, -0.4269 -0.3531 0.4122, -0.4269 -0.3531 0.4123, -0.4228 -0.3549 0.415, -0.4177 -0.3557 0.4167, -0.4185 -0.3531 0.4167, -0.4184 -0.354 0.4167, -0.4229 -0.3531 0.415, -0.423 -0.3531 0.415, -0.4259 -0.3581 0.4122, -0.4223 -0.3566 0.415, -0.4181 -0.3549 0.4167, -0.4184 -0.3531 0.4167, -0.4322 0.3531 0.4044, -0.4301 0.3531 0.4085, -0.43 0.3531 0.4086, -0.4269 0.3531 0.4122, -0.4269 0.3531 0.4123, -0.423 0.3531 0.415, -0.4229 0.3531 0.415, -0.4185 0.3531 0.4167, -0.4184 0.3531 0.4167, -0.4296 0.3622 0.4048, -0.4289 0.3632 0.4047, -0.4273 0.3622 0.4085, -0.4268 0.3661 0.4044, -0.4314 0.3578 0.4048, -0.4305 0.36 0.4048, -0.4288 0.3593 0.4085, -0.4298 0.3563 0.4085, -0.4316 0.3566 0.4047, -0.4267 0.3556 0.4122, -0.4253 0.3646 0.4085, -0.4252 0.3646 0.4086, -0.4247 0.3604 0.4122, -0.4228 0.3549 0.415, -0.423 0.3624 0.4122, -0.423 0.3624 0.4123, -0.4214 0.3582 0.415, -0.4184 0.354 0.4167, -0.4171 0.3564 0.4167, -0.4177 0.3557 0.4167, -0.4202 0.3596 0.415, -0.4203 0.3596 0.415, -0.4259 0.3581 0.4122, -0.4223 0.3566 0.415, -0.4181 0.3549 0.4167, -0.4171 0.3564 0.4167, -0.3661 0.4268 0.4044, -0.3646 0.4253 0.4085, -0.3646 0.4252 0.4086, -0.3624 0.423 0.4122, -0.3624 0.423 0.4123, -0.3596 0.4203 0.415, -0.3596 0.4202 0.415, -0.3564 0.4171 0.4167, -0.3564 0.4171 0.4167, -0.3578 0.4314 0.4048, -0.3566 0.4316 0.4047, -0.3563 0.4298 0.4085, -0.3531 0.4322 0.4044, -0.3622 0.4296 0.4048, -0.36 0.4305 0.4048, -0.3593 0.4288 0.4085, -0.3622 0.4273 0.4085, -0.3632 0.4289 0.4047, -0.3604 0.4247 0.4122, -0.3531 0.4301 0.4085, -0.3531 0.43 0.4086, -0.3556 0.4267 0.4122, -0.3582 0.4214 0.415, -0.3531 0.4269 0.4122, -0.3531 0.4269 0.4123, -0.3549 0.4228 0.415, -0.3557 0.4177 0.4167, -0.3531 0.4185 0.4167, -0.354 0.4184 0.4167, -0.3531 0.4229 0.415, -0.3531 0.423 0.415, -0.3581 0.4259 0.4122, -0.3566 0.4223 0.415, -0.3549 0.4181 0.4167, -0.3531 0.4184 0.4167, 0.3531 0.4184 0.4167, 0.3531 0.4185 0.4167, 0.3531 0.4229 0.415, 0.3531 0.423 0.415, 0.3531 0.4269 0.4123, 0.3531 0.4269 0.4122, 0.3531 0.43 0.4086, 0.3531 0.4301 0.4085, 0.3531 0.4322 0.4044, 0.3622 0.4296 0.4048, 0.3632 0.4289 0.4047, 0.3622 0.4273 0.4085, 0.3661 0.4268 0.4044, 0.3578 0.4314 0.4048, 0.36 0.4305 0.4048, 0.3593 0.4288 0.4085, 0.3563 0.4298 0.4085, 0.3566 0.4316 0.4047, 0.3556 0.4267 0.4122, 0.3646 0.4253 0.4085, 0.3646 0.4252 0.4086, 0.3604 0.4247 0.4122, 0.3549 0.4228 0.415, 0.3624 0.423 0.4122, 0.3624 0.423 0.4123, 0.3582 0.4214 0.415, 0.354 0.4184 0.4167, 0.3564 0.4171 0.4167, 0.3557 0.4177 0.4167, 0.3596 0.4202 0.415, 0.3596 0.4203 0.415, 0.3581 0.4259 0.4122, 0.3566 0.4223 0.415, 0.3549 0.4181 0.4167, 0.3564 0.4171 0.4167, 0.4171 0.3564 0.4167, 0.4171 0.3564 0.4167, 0.4202 0.3596 0.415, 0.4203 0.3596 0.415, 0.423 0.3624 0.4123, 0.423 0.3624 0.4122, 0.4252 0.3646 0.4086, 0.4253 0.3646 0.4085, 0.4268 0.3661 0.4044, 0.4314 0.3578 0.4048, 0.4316 0.3566 0.4047, 0.4298 0.3563 0.4085, 0.4322 0.3531 0.4044, 0.4296 0.3622 0.4048, 0.4305 0.36 0.4048, 0.4288 0.3593 0.4085, 0.4273 0.3622 0.4085, 0.4289 0.3632 0.4047, 0.4247 0.3604 0.4122, 0.4301 0.3531 0.4085, 0.43 0.3531 0.4086, 0.4267 0.3556 0.4122, 0.4214 0.3582 0.415, 0.4269 0.3531 0.4122, 0.4269 0.3531 0.4123, 0.4228 0.3549 0.415, 0.4177 0.3557 0.4167, 0.4185 0.3531 0.4167, 0.4184 0.354 0.4167, 0.4229 0.3531 0.415, 0.423 0.3531 0.415, 0.4259 0.3581 0.4122, 0.4223 0.3566 0.415, 0.4181 0.3549 0.4167, 0.4184 0.3531 0.4167, 0.4184 -0.3531 0.4167, 0.4185 -0.3531 0.4167, 0.4229 -0.3531 0.415, 0.423 -0.3531 0.415, 0.4269 -0.3531 0.4123, 0.4269 -0.3531 0.4122, 0.43 -0.3531 0.4086, 0.4301 -0.3531 0.4085, 0.4322 -0.3531 0.4044, 0.4296 -0.3622 0.4048, 0.4289 -0.3632 0.4047, 0.4273 -0.3622 0.4085, 0.4268 -0.3661 0.4044, 0.4314 -0.3578 0.4048, 0.4305 -0.36 0.4048, 0.4288 -0.3593 0.4085, 0.4298 -0.3563 0.4085, 0.4316 -0.3566 0.4047, 0.4267 -0.3556 0.4122, 0.4253 -0.3646 0.4085, 0.4252 -0.3646 0.4086, 0.4247 -0.3604 0.4122, 0.4228 -0.3549 0.415, 0.423 -0.3624 0.4122, 0.423 -0.3624 0.4123, 0.4214 -0.3582 0.415, 0.4184 -0.354 0.4167, 0.4171 -0.3564 0.4167, 0.4177 -0.3557 0.4167, 0.4202 -0.3596 0.415, 0.4203 -0.3596 0.415, 0.4259 -0.3581 0.4122, 0.4223 -0.3566 0.415, 0.4181 -0.3549 0.4167, 0.4171 -0.3564 0.4167, 0.3564 -0.4171 0.4167, 0.3564 -0.4171 0.4167, 0.3596 -0.4202 0.415, 0.3596 -0.4203 0.415, 0.3624 -0.423 0.4123, 0.3624 -0.423 0.4122, 0.3646 -0.4252 0.4086, 0.3646 -0.4253 0.4085, 0.3661 -0.4268 0.4044, 0.3578 -0.4314 0.4048, 0.3566 -0.4316 0.4047, 0.3563 -0.4298 0.4085, 0.3531 -0.4322 0.4044, 0.3622 -0.4296 0.4048, 0.36 -0.4305 0.4048, 0.3593 -0.4288 0.4085, 0.3622 -0.4273 0.4085, 0.3632 -0.4289 0.4047, 0.3604 -0.4247 0.4122, 0.3531 -0.4301 0.4085, 0.3531 -0.43 0.4086, 0.3556 -0.4267 0.4122, 0.3582 -0.4214 0.415, 0.3531 -0.4269 0.4122, 0.3531 -0.4269 0.4123, 0.3549 -0.4228 0.415, 0.3557 -0.4177 0.4167, 0.3531 -0.4185 0.4167, 0.354 -0.4184 0.4167, 0.3531 -0.4229 0.415, 0.3531 -0.423 0.415, 0.3581 -0.4259 0.4122, 0.3566 -0.4223 0.415, 0.3549 -0.4181 0.4167, 0.3531 -0.4184 0.4167, -0.3742 -0.4462 0.351, -0.3727 -0.448 0.35, -0.371 -0.4495 0.3494, -0.3661 -0.4516 0.3494, -0.3671 -0.4514 0.3492, -0.3692 -0.4506 0.3491, -0.3706 -0.4497 0.3493, -0.3611 -0.4516 0.351, -0.3631 -0.4518 0.3502, -0.365 -0.4518 0.3496, -0.4462 -0.3742 0.351, -0.4516 -0.3611 0.351, -0.4518 -0.3634 0.35, -0.4503 -0.3697 0.3492, -0.4512 -0.3678 0.3491, -0.4516 -0.3661 0.3493, -0.4517 -0.3657 0.3494, -0.4477 -0.3729 0.3502, -0.4491 -0.3715 0.3496, -0.4497 -0.3706 0.3494, -0.4516 0.3611 0.351, -0.4462 0.3742 0.351, -0.448 0.3727 0.35, -0.4514 0.3671 0.3492, -0.4506 0.3692 0.3491, -0.4497 0.3706 0.3493, -0.4495 0.371 0.3494, -0.4518 0.3631 0.3502, -0.4518 0.365 0.3496, -0.4516 0.3661 0.3494, -0.3742 0.4462 0.351, -0.3611 0.4516 0.351, -0.3634 0.4518 0.35, -0.3697 0.4503 0.3492, -0.3678 0.4512 0.3491, -0.3661 0.4516 0.3493, -0.3657 0.4517 0.3494, -0.3729 0.4477 0.3502, -0.3715 0.4491 0.3496, -0.3706 0.4497 0.3494, 0.3611 0.4516 0.351, 0.3742 0.4462 0.351, 0.3727 0.448 0.35, 0.3671 0.4514 0.3492, 0.3692 0.4506 0.3491, 0.3706 0.4497 0.3493, 0.371 0.4495 0.3494, 0.3631 0.4518 0.3502, 0.365 0.4518 0.3496, 0.3661 0.4516 0.3494, 0.4462 0.3742 0.351, 0.4516 0.3611 0.351, 0.4518 0.3634 0.35, 0.4503 0.3697 0.3492, 0.4512 0.3678 0.3491, 0.4516 0.3661 0.3493, 0.4517 0.3657 0.3494, 0.4477 0.3729 0.3502, 0.4491 0.3715 0.3496, 0.4497 0.3706 0.3494, 0.4516 -0.3611 0.351, 0.4462 -0.3742 0.351, 0.448 -0.3727 0.35, 0.4514 -0.3671 0.3492, 0.4506 -0.3692 0.3491, 0.4497 -0.3706 0.3493, 0.4495 -0.371 0.3494, 0.4518 -0.3631 0.3502, 0.4518 -0.365 0.3496, 0.4516 -0.3661 0.3494, 0.3742 -0.4462 0.351, 0.3611 -0.4516 0.351, 0.3634 -0.4518 0.35, 0.3697 -0.4503 0.3492, 0.3678 -0.4512 0.3491, 0.3661 -0.4516 0.3493, 0.3657 -0.4517 0.3494, 0.3729 -0.4477 0.3502, 0.3715 -0.4491 0.3496, 0.3706 -0.4497 0.3494, -0.3729 -0.4587 0.3326, -0.3668 -0.4605 0.3329, -0.364 -0.4606 0.3333, -0.3611 -0.4603 0.3339, -0.3652 -0.4731 0.3191, -0.3611 -0.4729 0.3194, -0.3667 -0.4887 0.3083, -0.3611 -0.4886 0.3084, -0.3685 -0.5064 0.3015, -0.3611 -0.5065 0.3016, -0.3704 -0.5251 0.2992, -0.3611 -0.5256 0.2992, -0.3692 -0.4728 0.3188, -0.3723 -0.4881 0.3081, -0.3758 -0.5054 0.3015, -0.3795 -0.5238 0.2992, -0.3699 -0.4598 0.3326, -0.3738 -0.4718 0.3186, -0.3787 -0.4866 0.3081, -0.3841 -0.5033 0.3015, -0.3899 -0.521 0.2992, -0.3782 -0.4701 0.3186, -0.3847 -0.4842 0.308, -0.3921 -0.5002 0.3015, -0.3999 -0.5171 0.2992, -0.3757 -0.457 0.3328, -0.3823 -0.4678 0.3187, -0.3904 -0.481 0.3081, -0.3997 -0.496 0.3015, -0.4095 -0.512 0.2992, -0.3782 -0.4549 0.3332, -0.386 -0.4648 0.319, -0.3957 -0.477 0.3082, -0.4067 -0.491 0.3015, -0.4183 -0.5058 0.2992, -0.3803 -0.4523 0.3339, -0.3892 -0.4612 0.3194, -0.4004 -0.4724 0.3084, -0.413 -0.485 0.3016, -0.4265 -0.4985 0.2992, -0.4985 -0.4265 0.2992, -0.485 -0.413 0.3016, -0.4724 -0.4004 0.3084, -0.4612 -0.3892 0.3194, -0.4523 -0.3803 0.3339, -0.4595 -0.3708 0.3326, -0.4564 -0.3764 0.3329, -0.4546 -0.3785 0.3333, -0.4643 -0.3865 0.3191, -0.4764 -0.3964 0.3083, -0.4901 -0.4077 0.3015, -0.5047 -0.4196 0.2992, -0.4669 -0.3834 0.3188, -0.4799 -0.392 0.3081, -0.4946 -0.4018 0.3015, -0.5102 -0.4122 0.2992, -0.4582 -0.3738 0.3326, -0.4695 -0.3795 0.3186, -0.4833 -0.3865 0.3081, -0.499 -0.3944 0.3015, -0.5157 -0.4029 0.2992, -0.4714 -0.3752 0.3186, -0.4859 -0.3805 0.308, -0.5024 -0.3866 0.3015, -0.52 -0.393 0.2992, -0.4603 -0.3677 0.3328, -0.4726 -0.3706 0.3187, -0.4877 -0.3742 0.3081, -0.5049 -0.3783 0.3015, -0.5231 -0.3827 0.2992, -0.4606 -0.3645 0.3332, -0.4731 -0.3659 0.319, -0.4886 -0.3677 0.3082, -0.5062 -0.3698 0.3015, -0.525 -0.372 0.2992, -0.4603 -0.3611 0.3339, -0.4729 -0.3611 0.3194, -0.4886 -0.3611 0.3084, -0.5065 -0.3611 0.3016, -0.5256 -0.3611 0.2992, -0.5256 0.3611 0.2992, -0.5065 0.3611 0.3016, -0.4886 0.3611 0.3084, -0.4729 0.3611 0.3194, -0.4603 0.3611 0.3339, -0.4587 0.3729 0.3326, -0.4605 0.3668 0.3329, -0.4606 0.364 0.3333, -0.4731 0.3652 0.3191, -0.4887 0.3667 0.3083, -0.5064 0.3685 0.3015, -0.5251 0.3704 0.2992, -0.4728 0.3692 0.3188, -0.4881 0.3723 0.3081, -0.5054 0.3758 0.3015, -0.5238 0.3795 0.2992, -0.4598 0.3699 0.3326, -0.4718 0.3738 0.3186, -0.4866 0.3787 0.3081, -0.5033 0.3841 0.3015, -0.521 0.3899 0.2992, -0.4701 0.3782 0.3186, -0.4842 0.3847 0.308, -0.5002 0.3921 0.3015, -0.5171 0.3999 0.2992, -0.457 0.3757 0.3328, -0.4678 0.3823 0.3187, -0.481 0.3904 0.3081, -0.496 0.3997 0.3015, -0.512 0.4095 0.2992, -0.4549 0.3782 0.3332, -0.4648 0.386 0.319, -0.477 0.3957 0.3082, -0.491 0.4067 0.3015, -0.5058 0.4183 0.2992, -0.4523 0.3803 0.3339, -0.4612 0.3892 0.3194, -0.4724 0.4004 0.3084, -0.485 0.413 0.3016, -0.4985 0.4265 0.2992, -0.4265 0.4985 0.2992, -0.413 0.485 0.3016, -0.4004 0.4724 0.3084, -0.3892 0.4612 0.3194, -0.3803 0.4523 0.3339, -0.3708 0.4595 0.3326, -0.3764 0.4564 0.3329, -0.3785 0.4546 0.3333, -0.3865 0.4643 0.3191, -0.3964 0.4764 0.3083, -0.4077 0.4901 0.3015, -0.4196 0.5047 0.2992, -0.3834 0.4669 0.3188, -0.392 0.4799 0.3081, -0.4018 0.4946 0.3015, -0.4122 0.5102 0.2992, -0.3738 0.4582 0.3326, -0.3795 0.4695 0.3186, -0.3865 0.4833 0.3081, -0.3944 0.499 0.3015, -0.4029 0.5157 0.2992, -0.3752 0.4714 0.3186, -0.3805 0.4859 0.308, -0.3866 0.5024 0.3015, -0.393 0.52 0.2992, -0.3677 0.4603 0.3328, -0.3706 0.4726 0.3187, -0.3742 0.4877 0.3081, -0.3783 0.5049 0.3015, -0.3827 0.5231 0.2992, -0.3645 0.4606 0.3332, -0.3659 0.4731 0.319, -0.3677 0.4886 0.3082, -0.3698 0.5062 0.3015, -0.372 0.525 0.2992, -0.3611 0.4603 0.3339, -0.3611 0.4729 0.3194, -0.3611 0.4886 0.3084, -0.3611 0.5065 0.3016, -0.3611 0.5256 0.2992, 0.3611 0.5256 0.2992, 0.3611 0.5065 0.3016, 0.3611 0.4886 0.3084, 0.3611 0.4729 0.3194, 0.3611 0.4603 0.3339, 0.3729 0.4587 0.3326, 0.3668 0.4605 0.3329, 0.364 0.4606 0.3333, 0.3652 0.4731 0.3191, 0.3667 0.4887 0.3083, 0.3685 0.5064 0.3015, 0.3704 0.5251 0.2992, 0.3692 0.4728 0.3188, 0.3723 0.4881 0.3081, 0.3758 0.5054 0.3015, 0.3795 0.5238 0.2992, 0.3699 0.4598 0.3326, 0.3738 0.4718 0.3186, 0.3787 0.4866 0.3081, 0.3841 0.5033 0.3015, 0.3899 0.521 0.2992, 0.3782 0.4701 0.3186, 0.3847 0.4842 0.308, 0.3921 0.5002 0.3015, 0.3999 0.5171 0.2992, 0.3757 0.457 0.3328, 0.3823 0.4678 0.3187, 0.3904 0.481 0.3081, 0.3997 0.496 0.3015, 0.4095 0.512 0.2992, 0.3782 0.4549 0.3332, 0.386 0.4648 0.319, 0.3957 0.477 0.3082, 0.4067 0.491 0.3015, 0.4183 0.5058 0.2992, 0.3803 0.4523 0.3339, 0.3892 0.4612 0.3194, 0.4004 0.4724 0.3084, 0.413 0.485 0.3016, 0.4265 0.4985 0.2992, 0.4985 0.4265 0.2992, 0.485 0.413 0.3016, 0.4724 0.4004 0.3084, 0.4612 0.3892 0.3194, 0.4523 0.3803 0.3339, 0.4595 0.3708 0.3326, 0.4564 0.3764 0.3329, 0.4546 0.3785 0.3333, 0.4643 0.3865 0.3191, 0.4764 0.3964 0.3083, 0.4901 0.4077 0.3015, 0.5047 0.4196 0.2992, 0.4669 0.3834 0.3188, 0.4799 0.392 0.3081, 0.4946 0.4018 0.3015, 0.5102 0.4122 0.2992, 0.4582 0.3738 0.3326, 0.4695 0.3795 0.3186, 0.4833 0.3865 0.3081, 0.499 0.3944 0.3015, 0.5157 0.4029 0.2992, 0.4714 0.3752 0.3186, 0.4859 0.3805 0.308, 0.5024 0.3866 0.3015, 0.52 0.393 0.2992, 0.4603 0.3677 0.3328, 0.4726 0.3706 0.3187, 0.4877 0.3742 0.3081, 0.5049 0.3783 0.3015, 0.5231 0.3827 0.2992, 0.4606 0.3645 0.3332, 0.4731 0.3659 0.319, 0.4886 0.3677 0.3082, 0.5062 0.3698 0.3015, 0.525 0.372 0.2992, 0.4603 0.3611 0.3339, 0.4729 0.3611 0.3194, 0.4886 0.3611 0.3084, 0.5065 0.3611 0.3016, 0.5256 0.3611 0.2992, 0.5256 -0.3611 0.2992, 0.5065 -0.3611 0.3016, 0.4886 -0.3611 0.3084, 0.4729 -0.3611 0.3194, 0.4603 -0.3611 0.3339, 0.4587 -0.3729 0.3326, 0.4605 -0.3668 0.3329, 0.4606 -0.364 0.3333, 0.4731 -0.3652 0.3191, 0.4887 -0.3667 0.3083, 0.5064 -0.3685 0.3015, 0.5251 -0.3704 0.2992, 0.4728 -0.3692 0.3188, 0.4881 -0.3723 0.3081, 0.5054 -0.3758 0.3015, 0.5238 -0.3795 0.2992, 0.4598 -0.3699 0.3326, 0.4718 -0.3738 0.3186, 0.4866 -0.3787 0.3081, 0.5033 -0.3841 0.3015, 0.521 -0.3899 0.2992, 0.4701 -0.3782 0.3186, 0.4842 -0.3847 0.308, 0.5002 -0.3921 0.3015, 0.5171 -0.3999 0.2992, 0.457 -0.3757 0.3328, 0.4678 -0.3823 0.3187, 0.481 -0.3904 0.3081, 0.496 -0.3997 0.3015, 0.512 -0.4095 0.2992, 0.4549 -0.3782 0.3332, 0.4648 -0.386 0.319, 0.477 -0.3957 0.3082, 0.491 -0.4067 0.3015, 0.5058 -0.4183 0.2992, 0.4523 -0.3803 0.3339, 0.4612 -0.3892 0.3194, 0.4724 -0.4004 0.3084, 0.485 -0.413 0.3016, 0.4985 -0.4265 0.2992, 0.4265 -0.4985 0.2992, 0.413 -0.485 0.3016, 0.4004 -0.4724 0.3084, 0.3892 -0.4612 0.3194, 0.3803 -0.4523 0.3339, 0.3708 -0.4595 0.3326, 0.3764 -0.4564 0.3329, 0.3785 -0.4546 0.3333, 0.3865 -0.4643 0.3191, 0.3964 -0.4764 0.3083, 0.4077 -0.4901 0.3015, 0.4196 -0.5047 0.2992, 0.3834 -0.4669 0.3188, 0.392 -0.4799 0.3081, 0.4018 -0.4946 0.3015, 0.4122 -0.5102 0.2992, 0.3738 -0.4582 0.3326, 0.3795 -0.4695 0.3186, 0.3865 -0.4833 0.3081, 0.3944 -0.499 0.3015, 0.4029 -0.5157 0.2992, 0.3752 -0.4714 0.3186, 0.3805 -0.4859 0.308, 0.3866 -0.5024 0.3015, 0.393 -0.52 0.2992, 0.3677 -0.4603 0.3328, 0.3706 -0.4726 0.3187, 0.3742 -0.4877 0.3081, 0.3783 -0.5049 0.3015, 0.3827 -0.5231 0.2992, 0.3645 -0.4606 0.3332, 0.3659 -0.4731 0.319, 0.3677 -0.4886 0.3082, 0.3698 -0.5062 0.3015, 0.372 -0.525 0.2992, 0.3611 -0.4603 0.3339, 0.3611 -0.4729 0.3194, 0.3611 -0.4886 0.3084, 0.3611 -0.5065 0.3016, 0.3611 -0.5256 0.2992, -0.5224 0.3852 0.2992, -0.5133 0.4073 0.2992, 0.5224 0.3852 0.2992, 0.5133 0.4073 0.2992, -0.5224 -0.3852 0.2992, -0.5133 -0.4073 0.2992, -0.5906 -0.3937 0.2992, 0.4073 0.5133 0.2992, 0.3852 0.5224 0.2992, -0.4073 -0.5133 0.2992, -0.3852 -0.5224 0.2992, 0.3852 -0.5224 0.2992, 0.4073 -0.5133 0.2992, 0.5133 -0.4073 0.2992, 0.5224 -0.3852 0.2992, -0.3852 0.5224 0.2992, -0.4073 0.5133 0.2992, -0.6102 -0.0991 0.0854, -0.6102 -0.1575 0.1614, -0.6102 -0.1548 0.141, -0.6102 -0.1469 0.122, -0.6102 -0.1344 0.1057, -0.6102 -0.1181 0.0932, -0.6102 0.1181 0.0932, -0.6102 0.1344 0.1057, -0.6102 0.1575 0.1614, -0.6102 0.1469 0.122, -0.6102 0.1548 0.141, -0.6102 0.0787 0.0827, -0.6102 0.0991 0.0854, -0.6102 0.0787 0.0039, -0.5512 0.0787 0.0039, -0.5442 -0.1 0.0039, -0.517 0.1353 0.0039, -0.4981 0.1474 0.0039, -0.4035 -0.1443 0.0039, -0.477 0.1549 0.0039, -0.4273 -0.1541 0.0039, -0.5442 0.1 0.0039, -0.5326 0.1192 0.0039, -0.3543 0.0591 0.0039, -0.3543 -0.0591 0.0039, -0.4528 0.1575 0.0039, -0.3577 -0.0845 0.0039, -0.3675 -0.1083 0.0039, -0.4547 0.1575 0.0039, -0.3832 -0.1287 0.0039, -0.4528 -0.1575 0.0039, -0.4547 -0.1575 0.0039, -0.477 -0.1549 0.0039, -0.5326 -0.1192 0.0039, -0.4981 -0.1474 0.0039, -0.517 -0.1353 0.0039, -0.4035 0.1443 0.0039, -0.3832 0.1287 0.0039, -0.3675 0.1083 0.0039, -0.4273 0.1541 0.0039, -0.3577 0.0845 0.0039, -0.6096 -0.3937 0.2846, -0.6076 -0.3937 0.2894, -0.6045 -0.3937 0.2934, -0.6004 -0.3937 0.2966, -0.5956 -0.3937 0.2985, -0.6096 0.0787 0.0776, -0.6673 0.0787 0.0477, -0.6076 0.0787 0.0728, -0.5512 0.0787 0.063, -0.5906 0.0787 0.063, -0.5956 0.0787 0.0637, -0.6255 0.0787 0.0059, -0.6004 0.0787 0.0656, -0.6398 0.0787 0.0118, -0.6045 0.0787 0.0688, -0.652 0.0787 0.0212, -0.6614 0.0787 0.0335, -0.4981 0.1474 0.063, -0.517 0.1353 0.063, -0.4035 -0.1443 0.063, -0.5326 0.1192 0.063, -0.3832 -0.1287 0.063, -0.3675 -0.1083 0.063, -0.4547 0.1575 0.063, -0.3577 -0.0845 0.063, -0.3543 -0.0591 0.063, -0.3543 0.0591 0.063, -0.4528 0.1575 0.063, -0.4273 0.1541 0.063, -0.477 0.1549 0.063, -0.5442 -0.1 0.063, -0.5442 0.1 0.063, -0.4273 -0.1541 0.063, -0.4528 -0.1575 0.063, -0.3675 0.1083 0.063, -0.3832 0.1287 0.063, -0.4035 0.1443 0.063, -0.5326 -0.1192 0.063, -0.517 -0.1353 0.063, -0.4981 -0.1474 0.063, -0.477 -0.1549 0.063, -0.4547 -0.1575 0.063, -0.3577 0.0845 0.063, 0.477 -0.1549 0.063, 0.4981 -0.1474 0.063, 0.4035 0.1443 0.063, 0.517 -0.1353 0.063, 0.5326 -0.1192 0.063, 0.517 0.1353 0.063, 0.4981 0.1474 0.063, 0.5442 -0.1 0.063, 0.4273 0.1541 0.063, 0.4528 0.1575 0.063, 0.3832 0.1287 0.063, 0.4528 -0.1575 0.063, 0.4547 -0.1575 0.063, 0.3675 0.1083 0.063, 0.3577 0.0845 0.063, 0.3543 0.0591 0.063, 0.5442 0.1 0.063, 0.5326 0.1192 0.063, 0.477 0.1549 0.063, 0.4547 0.1575 0.063, 0.3543 -0.0591 0.063, 0.3577 -0.0845 0.063, 0.4273 -0.1541 0.063, 0.3675 -0.1083 0.063, 0.4035 -0.1443 0.063, 0.3832 -0.1287 0.063, 0.6673 0.1575 0.3145, 0.6673 -0.1575 0.3145, 0.6614 0.1575 0.3287, 0.6614 -0.1575 0.3287, 0.652 0.1575 0.341, 0.652 -0.1575 0.341, 0.6398 0.1575 0.3504, 0.6398 -0.1575 0.3504, 0.6255 0.1575 0.3563, 0.6255 -0.1575 0.3563
            ]
        }
        coordIndex [
            0,1,2,-1,2,3,0,-1,0,3,4,-1,0,4,5,-1,5,4,6,-1,5,6,7,-1,7,6,8,-1,7,8,9,-1,10,11,12,-1,12,13,10,-1,10,13,14,-1,10,14,15,-1,15,14,9,-1,15,9,16,-1,16,9,8,-1,17,18,19,-1,19,20,17,-1,17,20,21,-1,17,21,22,-1,22,21,23,-1,22,23,24,-1,24,23,25,-1,24,25,26,-1,27,28,29,-1,29,30,27,-1,27,30,31,-1,27,31,32,-1,32,31,26,-1,32,26,33,-1,33,26,25,-1,34,35,36,-1,37,38,3,-1,34,39,40,-1,36,41,34,-1,34,41,42,-1,34,42,39,-1,3,2,37,-1,37,2,34,-1,37,34,43,-1,43,34,40,-1,44,45,2,-1,2,45,46,-1,2,46,47,-1,47,48,2,-1,2,48,49,-1,2,49,34,-1,50,51,52,-1,52,51,53,-1,52,53,54,-1,55,56,52,-1,52,56,57,-1,52,57,50,-1,35,34,58,-1,35,58,59,-1,59,58,60,-1,59,60,61,-1,61,60,62,-1,61,62,63,-1,63,62,64,-1,63,64,65,-1,65,64,66,-1,65,66,67,-1,67,66,68,-1,67,68,69,-1,70,71,72,-1,72,71,73,-1,72,73,74,-1,74,75,72,-1,72,75,76,-1,72,76,77,-1,78,79,80,-1,81,82,83,-1,83,82,84,-1,78,80,85,-1,86,87,88,-1,88,87,89,-1,88,89,79,-1,79,89,90,-1,79,90,80,-1,91,92,93,-1,93,92,94,-1,95,96,97,-1,97,96,98,-1,97,98,83,-1,83,98,99,-1,83,99,81,-1,100,101,102,-1,102,101,103,-1,86,104,87,-1,87,104,105,-1,87,105,93,-1,93,105,106,-1,93,106,91,-1,107,108,109,-1,109,108,69,-1,109,69,84,-1,84,69,68,-1,84,68,83,-1,107,110,108,-1,108,110,111,-1,108,111,102,-1,102,111,112,-1,102,112,100,-1,95,97,113,-1,113,97,114,-1,113,114,94,-1,94,114,115,-1,94,115,93,-1,116,117,118,-1,118,117,119,-1,118,119,103,-1,103,119,120,-1,103,120,102,-1,116,121,117,-1,117,121,122,-1,117,122,80,-1,80,122,123,-1,80,123,85,-1,124,125,126,-1,126,125,127,-1,128,126,129,-1,129,126,127,-1,129,127,130,-1,130,127,131,-1,132,133,134,-1,134,133,135,-1,134,135,136,-1,136,135,137,-1,138,139,140,-1,140,139,130,-1,140,130,134,-1,134,130,131,-1,134,131,132,-1,138,141,139,-1,139,141,142,-1,139,142,143,-1,129,144,128,-1,128,144,145,-1,146,127,147,-1,147,127,125,-1,147,148,146,-1,146,148,149,-1,146,149,144,-1,144,149,145,-1,144,150,146,-1,146,150,151,-1,146,151,152,-1,152,151,153,-1,154,155,156,-1,157,158,159,-1,159,158,160,-1,144,161,150,-1,150,161,160,-1,150,160,162,-1,162,160,158,-1,154,156,151,-1,151,156,163,-1,151,163,153,-1,124,164,115,-1,115,164,93,-1,114,97,126,-1,126,97,165,-1,166,167,120,-1,120,167,102,-1,119,117,168,-1,168,117,169,-1,170,171,172,-1,172,171,173,-1,172,173,174,-1,174,173,175,-1,176,177,178,-1,178,177,179,-1,178,179,180,-1,180,179,181,-1,180,181,182,-1,182,181,183,-1,182,183,184,-1,184,183,185,-1,184,185,175,-1,175,185,186,-1,175,186,174,-1,187,188,189,-1,189,188,190,-1,189,190,191,-1,191,192,189,-1,189,192,18,-1,189,18,193,-1,194,195,196,-1,196,195,197,-1,196,197,198,-1,193,18,199,-1,199,18,171,-1,199,171,196,-1,196,171,200,-1,196,200,194,-1,172,20,170,-1,170,20,19,-1,201,202,203,-1,203,202,204,-1,203,204,205,-1,205,206,203,-1,203,206,207,-1,203,207,208,-1,209,210,211,-1,211,210,212,-1,211,212,213,-1,209,214,210,-1,210,214,170,-1,210,170,203,-1,203,170,19,-1,203,19,201,-1,215,216,217,-1,28,218,219,-1,217,220,215,-1,215,220,221,-1,215,221,222,-1,223,224,225,-1,225,224,226,-1,219,227,28,-1,28,227,215,-1,28,215,228,-1,228,215,222,-1,216,215,224,-1,224,215,229,-1,224,229,230,-1,230,231,224,-1,224,231,232,-1,224,232,226,-1,223,233,224,-1,224,233,234,-1,224,234,235,-1,27,179,28,-1,28,179,177,-1,28,177,218,-1,218,177,236,-1,218,236,237,-1,237,236,238,-1,237,238,239,-1,239,238,240,-1,241,242,243,-1,243,242,244,-1,243,244,245,-1,246,247,243,-1,243,247,248,-1,243,248,241,-1,87,249,243,-1,245,199,243,-1,243,199,89,-1,243,89,87,-1,250,83,251,-1,251,83,68,-1,251,68,252,-1,252,68,253,-1,108,254,52,-1,54,255,52,-1,52,255,69,-1,52,69,108,-1,256,80,72,-1,72,80,90,-1,72,90,70,-1,70,90,193,-1,257,258,259,-1,260,261,262,-1,263,264,265,-1,266,267,268,-1,268,267,269,-1,268,269,262,-1,262,269,270,-1,262,270,260,-1,258,271,259,-1,259,271,272,-1,259,272,265,-1,265,272,273,-1,265,273,263,-1,264,274,265,-1,265,274,275,-1,265,275,268,-1,268,275,276,-1,268,276,266,-1,277,278,279,-1,278,280,279,-1,279,280,281,-1,279,281,282,-1,261,283,262,-1,262,283,284,-1,262,284,279,-1,279,284,285,-1,279,285,277,-1,281,286,282,-1,282,286,287,-1,282,287,288,-1,288,289,282,-1,282,289,290,-1,282,290,291,-1,291,290,292,-1,291,292,293,-1,294,295,296,-1,293,297,291,-1,291,297,298,-1,291,298,296,-1,296,298,299,-1,296,299,294,-1,295,300,296,-1,296,300,301,-1,296,301,259,-1,259,301,302,-1,259,302,257,-1,303,304,305,-1,305,304,306,-1,307,308,309,-1,309,308,310,-1,311,312,313,-1,313,312,314,-1,315,316,317,-1,317,316,318,-1,319,320,321,-1,321,320,322,-1,323,324,325,-1,325,324,326,-1,327,328,329,-1,329,328,330,-1,331,332,333,-1,333,332,334,-1,321,322,335,-1,335,322,336,-1,335,336,337,-1,337,336,338,-1,337,338,339,-1,339,338,340,-1,339,340,341,-1,341,340,342,-1,342,340,343,-1,342,343,344,-1,344,343,345,-1,344,345,346,-1,346,345,328,-1,346,328,327,-1,313,314,347,-1,347,314,348,-1,347,348,349,-1,349,348,350,-1,349,350,351,-1,351,350,352,-1,351,352,353,-1,353,352,354,-1,354,352,355,-1,354,355,356,-1,356,355,357,-1,356,357,358,-1,358,357,320,-1,358,320,319,-1,329,330,359,-1,359,330,360,-1,359,360,361,-1,361,360,362,-1,361,362,363,-1,363,362,364,-1,363,364,365,-1,365,364,366,-1,366,364,367,-1,366,367,368,-1,368,367,369,-1,368,369,370,-1,370,369,332,-1,370,332,331,-1,333,334,371,-1,371,334,372,-1,371,372,373,-1,373,372,374,-1,373,374,375,-1,375,374,376,-1,375,376,377,-1,377,376,378,-1,378,376,379,-1,378,379,380,-1,380,379,381,-1,380,381,382,-1,382,381,324,-1,382,324,323,-1,325,326,383,-1,383,326,384,-1,383,384,385,-1,385,384,386,-1,385,386,387,-1,387,386,388,-1,387,388,389,-1,389,388,390,-1,390,388,391,-1,390,391,392,-1,392,391,393,-1,392,393,394,-1,394,393,316,-1,394,316,315,-1,317,318,395,-1,395,318,396,-1,395,396,397,-1,397,396,398,-1,397,398,399,-1,399,398,400,-1,399,400,401,-1,401,400,402,-1,402,400,403,-1,402,403,404,-1,404,403,405,-1,404,405,406,-1,406,405,308,-1,406,308,307,-1,309,310,407,-1,407,310,408,-1,407,408,409,-1,409,408,410,-1,409,410,411,-1,411,410,412,-1,411,412,413,-1,413,412,414,-1,414,412,415,-1,414,415,416,-1,416,415,417,-1,416,417,418,-1,418,417,304,-1,418,304,303,-1,305,306,419,-1,419,306,420,-1,419,420,421,-1,421,420,422,-1,421,422,423,-1,423,422,424,-1,423,424,425,-1,425,424,426,-1,426,424,427,-1,426,427,428,-1,428,427,429,-1,428,429,430,-1,430,429,312,-1,430,312,311,-1,408,431,410,-1,410,431,432,-1,410,432,412,-1,412,432,415,-1,415,432,433,-1,415,433,417,-1,417,433,434,-1,417,434,304,-1,435,436,437,-1,437,436,438,-1,437,438,439,-1,439,438,440,-1,268,441,442,-1,442,441,443,-1,442,443,444,-1,444,443,445,-1,444,445,446,-1,446,445,447,-1,448,449,450,-1,450,449,451,-1,450,451,440,-1,440,451,452,-1,440,452,439,-1,436,453,438,-1,438,453,454,-1,438,454,440,-1,440,454,455,-1,440,455,450,-1,450,455,456,-1,457,456,446,-1,446,456,455,-1,446,455,444,-1,444,455,454,-1,444,454,442,-1,442,454,453,-1,442,453,268,-1,436,268,453,-1,435,458,436,-1,436,458,268,-1,408,310,431,-1,431,310,459,-1,431,459,448,-1,447,460,446,-1,446,460,461,-1,446,461,457,-1,457,461,462,-1,457,462,463,-1,448,450,431,-1,431,450,456,-1,431,456,432,-1,432,456,457,-1,432,457,433,-1,433,457,463,-1,433,463,434,-1,265,268,464,-1,464,268,458,-1,464,458,465,-1,465,458,435,-1,465,435,466,-1,466,435,437,-1,466,437,467,-1,467,437,439,-1,467,439,468,-1,468,439,452,-1,468,452,469,-1,469,452,451,-1,469,451,470,-1,470,451,449,-1,470,449,471,-1,471,449,448,-1,471,448,472,-1,472,448,459,-1,472,459,308,-1,308,459,310,-1,306,304,473,-1,473,304,434,-1,473,434,474,-1,474,434,463,-1,474,463,475,-1,475,463,462,-1,475,462,476,-1,476,462,461,-1,476,461,477,-1,477,461,460,-1,477,460,478,-1,478,460,447,-1,478,447,479,-1,479,447,445,-1,479,445,480,-1,480,445,443,-1,480,443,481,-1,481,443,441,-1,481,441,262,-1,262,441,268,-1,396,482,398,-1,398,482,483,-1,398,483,400,-1,400,483,403,-1,403,483,484,-1,403,484,405,-1,405,484,472,-1,405,472,308,-1,485,486,487,-1,487,486,488,-1,487,488,489,-1,489,488,490,-1,265,464,491,-1,491,464,465,-1,491,465,492,-1,492,465,466,-1,492,466,493,-1,493,466,467,-1,494,495,496,-1,496,495,497,-1,496,497,490,-1,490,497,498,-1,490,498,489,-1,486,499,488,-1,488,499,500,-1,488,500,490,-1,490,500,501,-1,490,501,496,-1,496,501,502,-1,503,502,493,-1,493,502,501,-1,493,501,492,-1,492,501,500,-1,492,500,491,-1,491,500,499,-1,491,499,265,-1,486,265,499,-1,485,504,486,-1,486,504,265,-1,396,318,482,-1,482,318,505,-1,482,505,494,-1,467,468,493,-1,493,468,469,-1,493,469,503,-1,503,469,470,-1,503,470,471,-1,494,496,482,-1,482,496,502,-1,482,502,483,-1,483,502,503,-1,483,503,484,-1,484,503,471,-1,484,471,472,-1,420,506,422,-1,422,506,507,-1,422,507,424,-1,424,507,427,-1,427,507,508,-1,427,508,429,-1,429,508,509,-1,429,509,312,-1,480,510,479,-1,479,510,511,-1,479,511,478,-1,478,511,512,-1,262,513,514,-1,514,513,515,-1,514,515,516,-1,516,515,517,-1,516,517,518,-1,518,517,519,-1,474,475,520,-1,520,475,476,-1,520,476,512,-1,512,476,477,-1,512,477,478,-1,510,521,511,-1,511,521,522,-1,511,522,512,-1,512,522,523,-1,512,523,520,-1,520,523,524,-1,525,524,518,-1,518,524,523,-1,518,523,516,-1,516,523,522,-1,516,522,514,-1,514,522,521,-1,514,521,262,-1,510,262,521,-1,480,481,510,-1,510,481,262,-1,420,306,506,-1,506,306,473,-1,506,473,474,-1,519,526,518,-1,518,526,527,-1,518,527,525,-1,525,527,528,-1,525,528,529,-1,474,520,506,-1,506,520,524,-1,506,524,507,-1,507,524,525,-1,507,525,508,-1,508,525,529,-1,508,529,509,-1,318,316,505,-1,505,316,530,-1,505,530,494,-1,494,530,531,-1,494,531,495,-1,495,531,532,-1,495,532,497,-1,497,532,533,-1,497,533,498,-1,498,533,534,-1,498,534,489,-1,489,534,535,-1,489,535,487,-1,487,535,536,-1,487,536,485,-1,485,536,537,-1,485,537,504,-1,504,537,538,-1,504,538,265,-1,265,538,259,-1,314,312,539,-1,539,312,509,-1,539,509,540,-1,540,509,529,-1,540,529,541,-1,541,529,528,-1,541,528,542,-1,542,528,527,-1,542,527,543,-1,543,527,526,-1,543,526,544,-1,544,526,519,-1,544,519,545,-1,545,519,517,-1,545,517,546,-1,546,517,515,-1,546,515,547,-1,547,515,513,-1,547,513,279,-1,279,513,262,-1,384,548,386,-1,386,548,549,-1,386,549,388,-1,388,549,391,-1,391,549,550,-1,391,550,393,-1,393,550,530,-1,393,530,316,-1,551,552,553,-1,553,552,554,-1,553,554,555,-1,555,554,556,-1,259,538,557,-1,557,538,537,-1,557,537,558,-1,558,537,536,-1,558,536,559,-1,559,536,535,-1,560,561,562,-1,562,561,563,-1,562,563,556,-1,556,563,564,-1,556,564,555,-1,552,565,554,-1,554,565,566,-1,554,566,556,-1,556,566,567,-1,556,567,562,-1,562,567,568,-1,569,568,559,-1,559,568,567,-1,559,567,558,-1,558,567,566,-1,558,566,557,-1,557,566,565,-1,557,565,259,-1,552,259,565,-1,551,570,552,-1,552,570,259,-1,384,326,548,-1,548,326,571,-1,548,571,560,-1,535,534,559,-1,559,534,533,-1,559,533,569,-1,569,533,532,-1,569,532,531,-1,560,562,548,-1,548,562,568,-1,548,568,549,-1,549,568,569,-1,549,569,550,-1,550,569,531,-1,550,531,530,-1,348,572,350,-1,350,572,573,-1,350,573,352,-1,352,573,355,-1,355,573,574,-1,355,574,357,-1,357,574,575,-1,357,575,320,-1,546,576,545,-1,545,576,577,-1,545,577,544,-1,544,577,578,-1,279,579,580,-1,580,579,581,-1,580,581,582,-1,582,581,583,-1,582,583,584,-1,584,583,585,-1,540,541,586,-1,586,541,542,-1,586,542,578,-1,578,542,543,-1,578,543,544,-1,576,587,577,-1,577,587,588,-1,577,588,578,-1,578,588,589,-1,578,589,586,-1,586,589,590,-1,591,590,584,-1,584,590,589,-1,584,589,582,-1,582,589,588,-1,582,588,580,-1,580,588,587,-1,580,587,279,-1,576,279,587,-1,546,547,576,-1,576,547,279,-1,348,314,572,-1,572,314,539,-1,572,539,540,-1,585,592,584,-1,584,592,593,-1,584,593,591,-1,591,593,594,-1,591,594,595,-1,540,586,572,-1,572,586,590,-1,572,590,573,-1,573,590,591,-1,573,591,574,-1,574,591,595,-1,574,595,575,-1,326,324,571,-1,571,324,596,-1,571,596,560,-1,560,596,597,-1,560,597,561,-1,561,597,598,-1,561,598,563,-1,563,598,599,-1,563,599,564,-1,564,599,600,-1,564,600,555,-1,555,600,601,-1,555,601,553,-1,553,601,602,-1,553,602,551,-1,551,602,603,-1,551,603,570,-1,570,603,604,-1,570,604,259,-1,259,604,296,-1,322,320,605,-1,605,320,575,-1,605,575,606,-1,606,575,595,-1,606,595,607,-1,607,595,594,-1,607,594,608,-1,608,594,593,-1,608,593,609,-1,609,593,592,-1,609,592,610,-1,610,592,585,-1,610,585,611,-1,611,585,583,-1,611,583,612,-1,612,583,581,-1,612,581,613,-1,613,581,579,-1,613,579,282,-1,282,579,279,-1,372,614,374,-1,374,614,615,-1,374,615,376,-1,376,615,379,-1,379,615,616,-1,379,616,381,-1,381,616,596,-1,381,596,324,-1,617,618,619,-1,619,618,620,-1,619,620,621,-1,621,620,622,-1,296,604,623,-1,623,604,603,-1,623,603,624,-1,624,603,602,-1,624,602,625,-1,625,602,601,-1,626,627,628,-1,628,627,629,-1,628,629,622,-1,622,629,630,-1,622,630,621,-1,618,631,620,-1,620,631,632,-1,620,632,622,-1,622,632,633,-1,622,633,628,-1,628,633,634,-1,635,634,625,-1,625,634,633,-1,625,633,624,-1,624,633,632,-1,624,632,623,-1,623,632,631,-1,623,631,296,-1,618,296,631,-1,617,636,618,-1,618,636,296,-1,372,334,614,-1,614,334,637,-1,614,637,626,-1,601,600,625,-1,625,600,599,-1,625,599,635,-1,635,599,598,-1,635,598,597,-1,626,628,614,-1,614,628,634,-1,614,634,615,-1,615,634,635,-1,615,635,616,-1,616,635,597,-1,616,597,596,-1,336,638,338,-1,338,638,639,-1,338,639,340,-1,340,639,343,-1,343,639,640,-1,343,640,345,-1,345,640,641,-1,345,641,328,-1,612,642,611,-1,611,642,643,-1,611,643,610,-1,610,643,644,-1,282,645,646,-1,646,645,647,-1,646,647,648,-1,648,647,649,-1,648,649,650,-1,650,649,651,-1,606,607,652,-1,652,607,608,-1,652,608,644,-1,644,608,609,-1,644,609,610,-1,642,653,643,-1,643,653,654,-1,643,654,644,-1,644,654,655,-1,644,655,652,-1,652,655,656,-1,657,656,650,-1,650,656,655,-1,650,655,648,-1,648,655,654,-1,648,654,646,-1,646,654,653,-1,646,653,282,-1,642,282,653,-1,612,613,642,-1,642,613,282,-1,336,322,638,-1,638,322,605,-1,638,605,606,-1,651,658,650,-1,650,658,659,-1,650,659,657,-1,657,659,660,-1,657,660,661,-1,606,652,638,-1,638,652,656,-1,638,656,639,-1,639,656,657,-1,639,657,640,-1,640,657,661,-1,640,661,641,-1,334,332,637,-1,637,332,662,-1,637,662,626,-1,626,662,663,-1,626,663,627,-1,627,663,664,-1,627,664,629,-1,629,664,665,-1,629,665,630,-1,630,665,666,-1,630,666,621,-1,621,666,667,-1,621,667,619,-1,619,667,668,-1,619,668,617,-1,617,668,669,-1,617,669,636,-1,636,669,670,-1,636,670,296,-1,296,670,291,-1,282,291,645,-1,645,291,671,-1,645,671,647,-1,647,671,672,-1,647,672,649,-1,649,672,673,-1,649,673,651,-1,651,673,674,-1,651,674,658,-1,658,674,675,-1,658,675,659,-1,659,675,676,-1,659,676,660,-1,660,676,677,-1,660,677,661,-1,661,677,678,-1,661,678,641,-1,641,678,679,-1,641,679,328,-1,328,679,330,-1,360,680,362,-1,362,680,681,-1,362,681,364,-1,364,681,367,-1,367,681,682,-1,367,682,369,-1,369,682,662,-1,369,662,332,-1,672,683,673,-1,673,683,684,-1,673,684,674,-1,674,684,685,-1,291,670,686,-1,686,670,669,-1,686,669,687,-1,687,669,668,-1,687,668,688,-1,688,668,667,-1,678,677,689,-1,689,677,676,-1,689,676,685,-1,685,676,675,-1,685,675,674,-1,683,690,684,-1,684,690,691,-1,684,691,685,-1,685,691,692,-1,685,692,689,-1,689,692,693,-1,694,693,688,-1,688,693,692,-1,688,692,687,-1,687,692,691,-1,687,691,686,-1,686,691,690,-1,686,690,291,-1,683,291,690,-1,672,671,683,-1,683,671,291,-1,360,330,680,-1,680,330,679,-1,680,679,678,-1,667,666,688,-1,688,666,665,-1,688,665,694,-1,694,665,664,-1,694,664,663,-1,678,689,680,-1,680,689,693,-1,680,693,681,-1,681,693,694,-1,681,694,682,-1,682,694,663,-1,682,663,662,-1,695,696,697,-1,698,325,383,-1,699,698,700,-1,698,383,700,-1,700,383,385,-1,700,385,701,-1,385,387,701,-1,701,387,389,-1,701,389,702,-1,702,389,390,-1,702,390,703,-1,390,392,703,-1,703,392,394,-1,703,394,704,-1,704,394,315,-1,315,705,704,-1,704,705,706,-1,704,706,703,-1,703,706,707,-1,703,707,702,-1,702,707,708,-1,702,708,701,-1,701,708,709,-1,701,709,700,-1,700,709,710,-1,700,710,699,-1,699,710,711,-1,705,712,706,-1,706,712,713,-1,706,713,707,-1,707,713,714,-1,707,714,708,-1,708,714,715,-1,708,715,709,-1,709,715,716,-1,709,716,710,-1,710,716,717,-1,710,717,711,-1,711,717,718,-1,712,695,713,-1,713,695,697,-1,713,697,714,-1,714,697,719,-1,714,719,715,-1,715,719,720,-1,715,720,716,-1,716,720,721,-1,716,721,717,-1,717,721,722,-1,717,722,718,-1,718,722,118,-1,118,722,723,-1,723,722,721,-1,723,721,724,-1,724,721,720,-1,724,720,725,-1,725,720,719,-1,725,719,726,-1,726,719,697,-1,726,697,727,-1,727,697,696,-1,727,696,122,-1,315,317,705,-1,705,317,728,-1,705,728,712,-1,712,728,729,-1,712,729,695,-1,695,729,730,-1,695,730,696,-1,696,730,731,-1,696,731,122,-1,122,731,123,-1,323,325,732,-1,732,325,698,-1,732,698,733,-1,733,698,699,-1,733,699,734,-1,734,699,711,-1,734,711,735,-1,735,711,718,-1,735,718,103,-1,103,718,118,-1,736,737,738,-1,728,317,395,-1,729,728,739,-1,728,395,739,-1,739,395,397,-1,739,397,740,-1,397,399,740,-1,740,399,401,-1,740,401,741,-1,741,401,402,-1,741,402,742,-1,402,404,742,-1,742,404,406,-1,742,406,743,-1,743,406,307,-1,307,744,743,-1,743,744,745,-1,743,745,742,-1,742,745,746,-1,742,746,741,-1,741,746,747,-1,741,747,740,-1,740,747,748,-1,740,748,739,-1,739,748,749,-1,739,749,729,-1,729,749,730,-1,744,750,745,-1,745,750,751,-1,745,751,746,-1,746,751,752,-1,746,752,747,-1,747,752,753,-1,747,753,748,-1,748,753,754,-1,748,754,749,-1,749,754,755,-1,749,755,730,-1,730,755,731,-1,750,736,751,-1,751,736,738,-1,751,738,752,-1,752,738,756,-1,752,756,753,-1,753,756,757,-1,753,757,754,-1,754,757,758,-1,754,758,755,-1,755,758,759,-1,755,759,731,-1,731,759,123,-1,123,759,760,-1,760,759,758,-1,760,758,761,-1,761,758,757,-1,761,757,762,-1,762,757,756,-1,762,756,763,-1,763,756,738,-1,763,738,764,-1,764,738,737,-1,764,737,79,-1,734,735,765,-1,766,333,371,-1,767,766,768,-1,766,371,768,-1,768,371,373,-1,768,373,769,-1,373,375,769,-1,769,375,377,-1,769,377,770,-1,770,377,378,-1,770,378,771,-1,378,380,771,-1,771,380,382,-1,771,382,772,-1,772,382,323,-1,323,732,772,-1,772,732,773,-1,772,773,771,-1,771,773,774,-1,771,774,770,-1,770,774,775,-1,770,775,769,-1,769,775,776,-1,769,776,768,-1,768,776,777,-1,768,777,767,-1,767,777,778,-1,732,733,773,-1,773,733,779,-1,773,779,774,-1,774,779,780,-1,774,780,775,-1,775,780,781,-1,775,781,776,-1,776,781,782,-1,776,782,777,-1,777,782,783,-1,777,783,778,-1,778,783,784,-1,733,734,779,-1,779,734,765,-1,779,765,780,-1,780,765,785,-1,780,785,781,-1,781,785,786,-1,781,786,782,-1,782,786,787,-1,782,787,783,-1,783,787,788,-1,783,788,784,-1,784,788,112,-1,112,788,789,-1,789,788,787,-1,789,787,790,-1,790,787,786,-1,790,786,791,-1,791,786,785,-1,791,785,792,-1,792,785,765,-1,792,765,793,-1,793,765,735,-1,793,735,103,-1,307,309,744,-1,744,309,794,-1,744,794,750,-1,750,794,795,-1,750,795,736,-1,736,795,796,-1,736,796,737,-1,737,796,797,-1,737,797,79,-1,79,797,88,-1,331,333,798,-1,798,333,766,-1,798,766,799,-1,799,766,767,-1,799,767,800,-1,800,767,778,-1,800,778,801,-1,801,778,784,-1,801,784,111,-1,111,784,112,-1,802,803,804,-1,794,309,407,-1,795,794,805,-1,794,407,805,-1,805,407,409,-1,805,409,806,-1,409,411,806,-1,806,411,413,-1,806,413,807,-1,807,413,414,-1,807,414,808,-1,414,416,808,-1,808,416,418,-1,808,418,809,-1,809,418,303,-1,303,810,809,-1,809,810,811,-1,809,811,808,-1,808,811,812,-1,808,812,807,-1,807,812,813,-1,807,813,806,-1,806,813,814,-1,806,814,805,-1,805,814,815,-1,805,815,795,-1,795,815,796,-1,810,816,811,-1,811,816,817,-1,811,817,812,-1,812,817,818,-1,812,818,813,-1,813,818,819,-1,813,819,814,-1,814,819,820,-1,814,820,815,-1,815,820,821,-1,815,821,796,-1,796,821,797,-1,816,802,817,-1,817,802,804,-1,817,804,818,-1,818,804,822,-1,818,822,819,-1,819,822,823,-1,819,823,820,-1,820,823,824,-1,820,824,821,-1,821,824,825,-1,821,825,797,-1,797,825,88,-1,88,825,826,-1,826,825,824,-1,826,824,827,-1,827,824,823,-1,827,823,828,-1,828,823,822,-1,828,822,829,-1,829,822,804,-1,829,804,830,-1,830,804,803,-1,830,803,105,-1,800,801,831,-1,832,329,359,-1,833,832,834,-1,832,359,834,-1,834,359,361,-1,834,361,835,-1,361,363,835,-1,835,363,365,-1,835,365,836,-1,836,365,366,-1,836,366,837,-1,366,368,837,-1,837,368,370,-1,837,370,838,-1,838,370,331,-1,331,798,838,-1,838,798,839,-1,838,839,837,-1,837,839,840,-1,837,840,836,-1,836,840,841,-1,836,841,835,-1,835,841,842,-1,835,842,834,-1,834,842,843,-1,834,843,833,-1,833,843,844,-1,798,799,839,-1,839,799,845,-1,839,845,840,-1,840,845,846,-1,840,846,841,-1,841,846,847,-1,841,847,842,-1,842,847,848,-1,842,848,843,-1,843,848,849,-1,843,849,844,-1,844,849,850,-1,799,800,845,-1,845,800,831,-1,845,831,846,-1,846,831,851,-1,846,851,847,-1,847,851,852,-1,847,852,848,-1,848,852,853,-1,848,853,849,-1,849,853,854,-1,849,854,850,-1,850,854,109,-1,109,854,855,-1,855,854,853,-1,855,853,856,-1,856,853,852,-1,856,852,857,-1,857,852,851,-1,857,851,858,-1,858,851,831,-1,858,831,859,-1,859,831,801,-1,859,801,111,-1,303,305,810,-1,810,305,860,-1,810,860,816,-1,816,860,861,-1,816,861,802,-1,802,861,862,-1,802,862,803,-1,803,862,863,-1,803,863,105,-1,105,863,106,-1,327,329,864,-1,864,329,832,-1,864,832,865,-1,865,832,833,-1,865,833,866,-1,866,833,844,-1,866,844,867,-1,867,844,850,-1,867,850,84,-1,84,850,109,-1,868,869,870,-1,860,305,419,-1,861,860,871,-1,860,419,871,-1,871,419,421,-1,871,421,872,-1,421,423,872,-1,872,423,425,-1,872,425,873,-1,873,425,426,-1,873,426,874,-1,426,428,874,-1,874,428,430,-1,874,430,875,-1,875,430,311,-1,311,876,875,-1,875,876,877,-1,875,877,874,-1,874,877,878,-1,874,878,873,-1,873,878,879,-1,873,879,872,-1,872,879,880,-1,872,880,871,-1,871,880,881,-1,871,881,861,-1,861,881,862,-1,876,882,877,-1,877,882,883,-1,877,883,878,-1,878,883,884,-1,878,884,879,-1,879,884,885,-1,879,885,880,-1,880,885,886,-1,880,886,881,-1,881,886,887,-1,881,887,862,-1,862,887,863,-1,882,868,883,-1,883,868,870,-1,883,870,884,-1,884,870,888,-1,884,888,885,-1,885,888,889,-1,885,889,886,-1,886,889,890,-1,886,890,887,-1,887,890,891,-1,887,891,863,-1,863,891,106,-1,106,891,892,-1,892,891,890,-1,892,890,893,-1,893,890,889,-1,893,889,894,-1,894,889,888,-1,894,888,895,-1,895,888,870,-1,895,870,896,-1,896,870,869,-1,896,869,94,-1,866,867,897,-1,898,321,335,-1,899,898,900,-1,898,335,900,-1,900,335,337,-1,900,337,901,-1,337,339,901,-1,901,339,341,-1,901,341,902,-1,902,341,342,-1,902,342,903,-1,342,344,903,-1,903,344,346,-1,903,346,904,-1,904,346,327,-1,327,864,904,-1,904,864,905,-1,904,905,903,-1,903,905,906,-1,903,906,902,-1,902,906,907,-1,902,907,901,-1,901,907,908,-1,901,908,900,-1,900,908,909,-1,900,909,899,-1,899,909,910,-1,864,865,905,-1,905,865,911,-1,905,911,906,-1,906,911,912,-1,906,912,907,-1,907,912,913,-1,907,913,908,-1,908,913,914,-1,908,914,909,-1,909,914,915,-1,909,915,910,-1,910,915,916,-1,865,866,911,-1,911,866,897,-1,911,897,912,-1,912,897,917,-1,912,917,913,-1,913,917,918,-1,913,918,914,-1,914,918,919,-1,914,919,915,-1,915,919,920,-1,915,920,916,-1,916,920,99,-1,99,920,921,-1,921,920,919,-1,921,919,922,-1,922,919,918,-1,922,918,923,-1,923,918,917,-1,923,917,924,-1,924,917,897,-1,924,897,925,-1,925,897,867,-1,925,867,84,-1,311,313,876,-1,876,313,926,-1,876,926,882,-1,882,926,927,-1,882,927,868,-1,868,927,928,-1,868,928,869,-1,869,928,929,-1,869,929,94,-1,94,929,113,-1,319,321,930,-1,930,321,898,-1,930,898,931,-1,931,898,899,-1,931,899,932,-1,932,899,910,-1,932,910,933,-1,933,910,916,-1,933,916,98,-1,98,916,99,-1,932,933,934,-1,926,313,347,-1,927,926,935,-1,926,347,935,-1,935,347,349,-1,935,349,936,-1,349,351,936,-1,936,351,353,-1,936,353,937,-1,937,353,354,-1,937,354,938,-1,354,356,938,-1,938,356,358,-1,938,358,939,-1,939,358,319,-1,319,930,939,-1,939,930,940,-1,939,940,938,-1,938,940,941,-1,938,941,937,-1,937,941,942,-1,937,942,936,-1,936,942,943,-1,936,943,935,-1,935,943,944,-1,935,944,927,-1,927,944,928,-1,930,931,940,-1,940,931,945,-1,940,945,941,-1,941,945,946,-1,941,946,942,-1,942,946,947,-1,942,947,943,-1,943,947,948,-1,943,948,944,-1,944,948,949,-1,944,949,928,-1,928,949,929,-1,931,932,945,-1,945,932,934,-1,945,934,946,-1,946,934,950,-1,946,950,947,-1,947,950,951,-1,947,951,948,-1,948,951,952,-1,948,952,949,-1,949,952,953,-1,949,953,929,-1,929,953,113,-1,113,953,954,-1,954,953,952,-1,954,952,955,-1,955,952,951,-1,955,951,956,-1,956,951,950,-1,956,950,957,-1,957,950,934,-1,957,934,958,-1,958,934,933,-1,958,933,98,-1,959,960,961,-1,962,963,964,-1,964,963,965,-1,964,965,966,-1,966,965,967,-1,967,968,966,-1,966,968,969,-1,966,969,970,-1,971,972,973,-1,973,972,974,-1,973,974,961,-1,961,974,975,-1,961,975,959,-1,960,976,961,-1,961,976,977,-1,961,977,964,-1,964,977,978,-1,964,978,962,-1,979,980,981,-1,981,980,982,-1,981,982,983,-1,970,984,966,-1,966,984,985,-1,966,985,981,-1,981,985,986,-1,981,986,979,-1,982,987,983,-1,983,987,988,-1,983,988,989,-1,989,990,983,-1,983,990,991,-1,983,991,992,-1,992,991,993,-1,992,993,994,-1,995,996,997,-1,997,996,998,-1,994,999,992,-1,992,999,1000,-1,992,1000,997,-1,997,1000,1001,-1,997,1001,995,-1,998,1002,997,-1,997,1002,1003,-1,997,1003,973,-1,973,1003,1004,-1,973,1004,971,-1,1005,1006,1007,-1,1008,1009,1010,-1,1006,1011,1012,-1,1012,1011,1008,-1,1013,1005,1014,-1,1014,1005,1007,-1,1014,1007,1015,-1,1015,1007,1016,-1,1008,1010,1012,-1,1012,1010,1017,-1,1012,1017,1018,-1,1019,1020,1016,-1,1016,1020,1021,-1,1016,1021,1015,-1,1017,1022,1018,-1,1018,1022,1023,-1,1018,1023,1024,-1,1025,1026,1019,-1,1019,1026,1027,-1,1019,1027,1020,-1,1028,1029,1030,-1,1030,1029,1024,-1,1030,1024,1031,-1,1031,1024,1023,-1,966,1032,1025,-1,1025,1032,1033,-1,1025,1033,1026,-1,1006,1012,1007,-1,1007,1012,1018,-1,1007,1018,1016,-1,1016,1018,1024,-1,1016,1024,1019,-1,1019,1024,1029,-1,1019,1029,1025,-1,1025,1029,966,-1,1028,1034,1029,-1,1029,1034,966,-1,964,966,1035,-1,1035,966,1034,-1,1035,1034,1036,-1,1036,1034,1028,-1,1036,1028,1037,-1,1037,1028,1030,-1,1037,1030,1038,-1,1038,1030,1031,-1,1038,1031,1039,-1,1039,1031,1023,-1,1039,1023,1040,-1,1040,1023,1022,-1,1040,1022,1041,-1,1041,1022,1017,-1,1041,1017,1042,-1,1042,1017,1010,-1,1042,1010,1043,-1,1043,1010,1009,-1,1044,1045,1046,-1,1046,1045,1047,-1,1048,1049,1050,-1,1050,1049,1044,-1,1051,1052,1048,-1,1043,1052,1042,-1,1042,1052,1051,-1,1042,1051,1041,-1,1041,1051,1053,-1,1047,1054,1046,-1,1046,1054,1055,-1,1046,1055,1056,-1,1057,1039,1053,-1,1053,1039,1040,-1,1053,1040,1041,-1,1055,1058,1056,-1,1056,1058,1059,-1,1056,1059,1060,-1,1061,1037,1057,-1,1057,1037,1038,-1,1057,1038,1039,-1,1062,1063,1064,-1,1064,1063,1060,-1,1064,1060,1065,-1,1065,1060,1059,-1,964,1035,1061,-1,1061,1035,1036,-1,1061,1036,1037,-1,1048,1050,1051,-1,1051,1050,1066,-1,1051,1066,1053,-1,1053,1066,1067,-1,1053,1067,1057,-1,1057,1067,1068,-1,1057,1068,1061,-1,1061,1068,964,-1,1044,1046,1050,-1,1050,1046,1056,-1,1050,1056,1066,-1,1066,1056,1060,-1,1066,1060,1067,-1,1067,1060,1063,-1,1067,1063,1068,-1,1068,1063,964,-1,1062,1069,1063,-1,1063,1069,964,-1,1047,1070,1054,-1,1054,1070,1071,-1,1054,1071,1055,-1,1055,1071,1072,-1,1055,1072,1058,-1,1058,1072,1073,-1,1058,1073,1059,-1,1059,1073,1074,-1,1059,1074,1065,-1,1065,1074,1075,-1,1065,1075,1064,-1,1064,1075,1076,-1,1064,1076,1062,-1,1062,1076,1077,-1,1062,1077,1069,-1,1069,1077,1078,-1,1069,1078,964,-1,964,1078,961,-1,1079,1080,1081,-1,1081,1080,1082,-1,1083,1084,1085,-1,1085,1084,1079,-1,1086,1087,1083,-1,1070,1087,1071,-1,1071,1087,1086,-1,1071,1086,1072,-1,1072,1086,1088,-1,1082,1089,1081,-1,1081,1089,1090,-1,1081,1090,1091,-1,1092,1074,1088,-1,1088,1074,1073,-1,1088,1073,1072,-1,1090,1093,1091,-1,1091,1093,1094,-1,1091,1094,1095,-1,1096,1076,1092,-1,1092,1076,1075,-1,1092,1075,1074,-1,1097,1098,1099,-1,1099,1098,1095,-1,1099,1095,1100,-1,1100,1095,1094,-1,961,1078,1096,-1,1096,1078,1077,-1,1096,1077,1076,-1,1083,1085,1086,-1,1086,1085,1101,-1,1086,1101,1088,-1,1088,1101,1102,-1,1088,1102,1092,-1,1092,1102,1103,-1,1092,1103,1096,-1,1096,1103,961,-1,1079,1081,1085,-1,1085,1081,1091,-1,1085,1091,1101,-1,1101,1091,1095,-1,1101,1095,1102,-1,1102,1095,1098,-1,1102,1098,1103,-1,1103,1098,961,-1,1097,1104,1098,-1,1098,1104,961,-1,1082,1105,1089,-1,1089,1105,1106,-1,1089,1106,1090,-1,1090,1106,1107,-1,1090,1107,1093,-1,1093,1107,1108,-1,1093,1108,1094,-1,1094,1108,1109,-1,1094,1109,1100,-1,1100,1109,1110,-1,1100,1110,1099,-1,1099,1110,1111,-1,1099,1111,1097,-1,1097,1111,1112,-1,1097,1112,1104,-1,1104,1112,1113,-1,1104,1113,961,-1,961,1113,973,-1,1114,1115,1116,-1,1116,1115,1117,-1,1118,1119,1120,-1,1120,1119,1114,-1,1121,1122,1118,-1,1105,1122,1106,-1,1106,1122,1121,-1,1106,1121,1107,-1,1107,1121,1123,-1,1117,1124,1116,-1,1116,1124,1125,-1,1116,1125,1126,-1,1127,1109,1123,-1,1123,1109,1108,-1,1123,1108,1107,-1,1125,1128,1126,-1,1126,1128,1129,-1,1126,1129,1130,-1,1131,1111,1127,-1,1127,1111,1110,-1,1127,1110,1109,-1,1132,1133,1134,-1,1134,1133,1130,-1,1134,1130,1135,-1,1135,1130,1129,-1,973,1113,1131,-1,1131,1113,1112,-1,1131,1112,1111,-1,1118,1120,1121,-1,1121,1120,1136,-1,1121,1136,1123,-1,1123,1136,1137,-1,1123,1137,1127,-1,1127,1137,1138,-1,1127,1138,1131,-1,1131,1138,973,-1,1114,1116,1120,-1,1120,1116,1126,-1,1120,1126,1136,-1,1136,1126,1130,-1,1136,1130,1137,-1,1137,1130,1133,-1,1137,1133,1138,-1,1138,1133,973,-1,1132,1139,1133,-1,1133,1139,973,-1,997,973,1140,-1,1140,973,1139,-1,1140,1139,1141,-1,1141,1139,1132,-1,1141,1132,1142,-1,1142,1132,1134,-1,1142,1134,1143,-1,1143,1134,1135,-1,1143,1135,1144,-1,1144,1135,1129,-1,1144,1129,1145,-1,1145,1129,1128,-1,1145,1128,1146,-1,1146,1128,1125,-1,1146,1125,1147,-1,1147,1125,1124,-1,1147,1124,1148,-1,1148,1124,1117,-1,1149,1150,1151,-1,1151,1150,1152,-1,1153,1154,1155,-1,1155,1154,1149,-1,1156,1157,1153,-1,1148,1157,1147,-1,1147,1157,1156,-1,1147,1156,1146,-1,1146,1156,1158,-1,1152,1159,1151,-1,1151,1159,1160,-1,1151,1160,1161,-1,1162,1144,1158,-1,1158,1144,1145,-1,1158,1145,1146,-1,1160,1163,1161,-1,1161,1163,1164,-1,1161,1164,1165,-1,1166,1142,1162,-1,1162,1142,1143,-1,1162,1143,1144,-1,1167,1168,1169,-1,1169,1168,1165,-1,1169,1165,1170,-1,1170,1165,1164,-1,997,1140,1166,-1,1166,1140,1141,-1,1166,1141,1142,-1,1153,1155,1156,-1,1156,1155,1171,-1,1156,1171,1158,-1,1158,1171,1172,-1,1158,1172,1162,-1,1162,1172,1173,-1,1162,1173,1166,-1,1166,1173,997,-1,1149,1151,1155,-1,1155,1151,1161,-1,1155,1161,1171,-1,1171,1161,1165,-1,1171,1165,1172,-1,1172,1165,1168,-1,1172,1168,1173,-1,1173,1168,997,-1,1167,1174,1168,-1,1168,1174,997,-1,992,997,1175,-1,1175,997,1174,-1,1175,1174,1176,-1,1176,1174,1167,-1,1176,1167,1177,-1,1177,1167,1169,-1,1177,1169,1178,-1,1178,1169,1170,-1,1178,1170,1179,-1,1179,1170,1164,-1,1179,1164,1180,-1,1180,1164,1163,-1,1180,1163,1181,-1,1181,1163,1160,-1,1181,1160,1182,-1,1182,1160,1159,-1,1182,1159,1183,-1,1183,1159,1152,-1,1184,1185,1186,-1,1186,1185,1187,-1,1188,1189,1190,-1,1190,1189,1184,-1,1191,1192,1188,-1,1183,1192,1182,-1,1182,1192,1191,-1,1182,1191,1181,-1,1181,1191,1193,-1,1187,1194,1186,-1,1186,1194,1195,-1,1186,1195,1196,-1,1197,1179,1193,-1,1193,1179,1180,-1,1193,1180,1181,-1,1195,1198,1196,-1,1196,1198,1199,-1,1196,1199,1200,-1,1201,1177,1197,-1,1197,1177,1178,-1,1197,1178,1179,-1,1202,1203,1204,-1,1204,1203,1200,-1,1204,1200,1205,-1,1205,1200,1199,-1,992,1175,1201,-1,1201,1175,1176,-1,1201,1176,1177,-1,1188,1190,1191,-1,1191,1190,1206,-1,1191,1206,1193,-1,1193,1206,1207,-1,1193,1207,1197,-1,1197,1207,1208,-1,1197,1208,1201,-1,1201,1208,992,-1,1184,1186,1190,-1,1190,1186,1196,-1,1190,1196,1206,-1,1206,1196,1200,-1,1206,1200,1207,-1,1207,1200,1203,-1,1207,1203,1208,-1,1208,1203,992,-1,1202,1209,1203,-1,1203,1209,992,-1,983,992,1210,-1,1210,992,1209,-1,1210,1209,1211,-1,1211,1209,1202,-1,1211,1202,1212,-1,1212,1202,1204,-1,1212,1204,1213,-1,1213,1204,1205,-1,1213,1205,1214,-1,1214,1205,1199,-1,1214,1199,1215,-1,1215,1199,1198,-1,1215,1198,1216,-1,1216,1198,1195,-1,1216,1195,1217,-1,1217,1195,1194,-1,1217,1194,1218,-1,1218,1194,1187,-1,1219,1220,1221,-1,1221,1220,1222,-1,1223,1224,1225,-1,1225,1224,1219,-1,1226,1227,1223,-1,1218,1227,1217,-1,1217,1227,1226,-1,1217,1226,1216,-1,1216,1226,1228,-1,1222,1229,1221,-1,1221,1229,1230,-1,1221,1230,1231,-1,1232,1214,1228,-1,1228,1214,1215,-1,1228,1215,1216,-1,1230,1233,1231,-1,1231,1233,1234,-1,1231,1234,1235,-1,1236,1212,1232,-1,1232,1212,1213,-1,1232,1213,1214,-1,1237,1238,1239,-1,1239,1238,1235,-1,1239,1235,1240,-1,1240,1235,1234,-1,983,1210,1236,-1,1236,1210,1211,-1,1236,1211,1212,-1,1223,1225,1226,-1,1226,1225,1241,-1,1226,1241,1228,-1,1228,1241,1242,-1,1228,1242,1232,-1,1232,1242,1243,-1,1232,1243,1236,-1,1236,1243,983,-1,1219,1221,1225,-1,1225,1221,1231,-1,1225,1231,1241,-1,1241,1231,1235,-1,1241,1235,1242,-1,1242,1235,1238,-1,1242,1238,1243,-1,1243,1238,983,-1,1237,1244,1238,-1,1238,1244,983,-1,981,983,1245,-1,1245,983,1244,-1,1245,1244,1246,-1,1246,1244,1237,-1,1246,1237,1247,-1,1247,1237,1239,-1,1247,1239,1248,-1,1248,1239,1240,-1,1248,1240,1249,-1,1249,1240,1234,-1,1249,1234,1250,-1,1250,1234,1233,-1,1250,1233,1251,-1,1251,1233,1230,-1,1251,1230,1252,-1,1252,1230,1229,-1,1252,1229,1253,-1,1253,1229,1222,-1,1254,1255,1256,-1,1256,1255,1257,-1,1258,1259,1260,-1,1260,1259,1254,-1,1261,1262,1258,-1,1253,1262,1252,-1,1252,1262,1261,-1,1252,1261,1251,-1,1251,1261,1263,-1,1257,1264,1256,-1,1256,1264,1265,-1,1256,1265,1266,-1,1267,1249,1263,-1,1263,1249,1250,-1,1263,1250,1251,-1,1265,1268,1266,-1,1266,1268,1269,-1,1266,1269,1270,-1,1271,1247,1267,-1,1267,1247,1248,-1,1267,1248,1249,-1,1272,1273,1274,-1,1274,1273,1270,-1,1274,1270,1275,-1,1275,1270,1269,-1,981,1245,1271,-1,1271,1245,1246,-1,1271,1246,1247,-1,1258,1260,1261,-1,1261,1260,1276,-1,1261,1276,1263,-1,1263,1276,1277,-1,1263,1277,1267,-1,1267,1277,1278,-1,1267,1278,1271,-1,1271,1278,981,-1,1254,1256,1260,-1,1260,1256,1266,-1,1260,1266,1276,-1,1276,1266,1270,-1,1276,1270,1277,-1,1277,1270,1273,-1,1277,1273,1278,-1,1278,1273,981,-1,1272,1279,1273,-1,1273,1279,981,-1,1257,1013,1264,-1,1264,1013,1014,-1,1264,1014,1265,-1,1265,1014,1015,-1,1265,1015,1268,-1,1268,1015,1021,-1,1268,1021,1269,-1,1269,1021,1020,-1,1269,1020,1275,-1,1275,1020,1027,-1,1275,1027,1274,-1,1274,1027,1026,-1,1274,1026,1272,-1,1272,1026,1033,-1,1272,1033,1279,-1,1279,1033,1032,-1,1279,1032,981,-1,981,1032,966,-1,1280,1009,1281,-1,1281,1009,1008,-1,1281,1008,1282,-1,1011,1283,1008,-1,1008,1283,1284,-1,1284,1285,1008,-1,1008,1285,1286,-1,1008,1286,1282,-1,1013,1287,1005,-1,1005,1287,1288,-1,1011,1006,1283,-1,1283,1006,1005,-1,1283,1005,1289,-1,1289,1005,1288,-1,1009,1280,1043,-1,1043,1280,1290,-1,1291,1047,1292,-1,1292,1047,1045,-1,1048,1293,1049,-1,1049,1293,1294,-1,1049,1294,1044,-1,1044,1294,1295,-1,1044,1295,1045,-1,1045,1295,1296,-1,1045,1296,1292,-1,1052,1043,1290,-1,1290,1297,1052,-1,1052,1297,1298,-1,1052,1298,1048,-1,1048,1298,1299,-1,1048,1299,1293,-1,1047,1291,1070,-1,1070,1291,1300,-1,1301,1082,1302,-1,1302,1082,1080,-1,1083,1303,1084,-1,1084,1303,1304,-1,1084,1304,1079,-1,1079,1304,1305,-1,1079,1305,1080,-1,1080,1305,1306,-1,1080,1306,1302,-1,1087,1070,1300,-1,1300,1307,1087,-1,1087,1307,1308,-1,1087,1308,1083,-1,1083,1308,1309,-1,1083,1309,1303,-1,1082,1301,1105,-1,1105,1301,1310,-1,1311,1117,1312,-1,1312,1117,1115,-1,1118,1313,1119,-1,1119,1313,1314,-1,1119,1314,1114,-1,1114,1314,1315,-1,1114,1315,1115,-1,1115,1315,1316,-1,1115,1316,1312,-1,1122,1105,1310,-1,1310,1317,1122,-1,1122,1317,1318,-1,1122,1318,1118,-1,1118,1318,1319,-1,1118,1319,1313,-1,1117,1311,1148,-1,1148,1311,1320,-1,1321,1152,1322,-1,1322,1152,1150,-1,1153,1323,1154,-1,1154,1323,1324,-1,1154,1324,1149,-1,1149,1324,1325,-1,1149,1325,1150,-1,1150,1325,1326,-1,1150,1326,1322,-1,1157,1148,1320,-1,1320,1327,1157,-1,1157,1327,1328,-1,1157,1328,1153,-1,1153,1328,1329,-1,1153,1329,1323,-1,1152,1321,1183,-1,1183,1321,1330,-1,1331,1187,1332,-1,1332,1187,1185,-1,1188,1333,1189,-1,1189,1333,1334,-1,1189,1334,1184,-1,1184,1334,1335,-1,1184,1335,1185,-1,1185,1335,1336,-1,1185,1336,1332,-1,1192,1183,1330,-1,1330,1337,1192,-1,1192,1337,1338,-1,1192,1338,1188,-1,1188,1338,1339,-1,1188,1339,1333,-1,1187,1331,1218,-1,1218,1331,1340,-1,1341,1222,1342,-1,1342,1222,1220,-1,1223,1343,1224,-1,1224,1343,1344,-1,1224,1344,1219,-1,1219,1344,1345,-1,1219,1345,1220,-1,1220,1345,1346,-1,1220,1346,1342,-1,1227,1218,1340,-1,1340,1347,1227,-1,1227,1347,1348,-1,1227,1348,1223,-1,1223,1348,1349,-1,1223,1349,1343,-1,1222,1341,1253,-1,1253,1341,1350,-1,1351,1257,1352,-1,1352,1257,1255,-1,1258,1353,1259,-1,1259,1353,1354,-1,1259,1354,1254,-1,1254,1354,1355,-1,1254,1355,1255,-1,1255,1355,1356,-1,1255,1356,1352,-1,1262,1253,1350,-1,1350,1357,1262,-1,1262,1357,1358,-1,1262,1358,1258,-1,1258,1358,1359,-1,1258,1359,1353,-1,1257,1351,1013,-1,1013,1351,1287,-1,1286,1285,1360,-1,1283,1289,1361,-1,1288,1287,1362,-1,1362,1287,1363,-1,1362,1363,1364,-1,1364,1363,1365,-1,1364,1365,1366,-1,1366,1365,1367,-1,1366,1367,1368,-1,1368,1367,1369,-1,1368,1369,1370,-1,1370,1369,1371,-1,1289,1288,1361,-1,1361,1288,1362,-1,1361,1362,1372,-1,1372,1362,1364,-1,1372,1364,1373,-1,1373,1364,1366,-1,1373,1366,1374,-1,1374,1366,1368,-1,1374,1368,1375,-1,1375,1368,1370,-1,1284,1283,1376,-1,1376,1283,1361,-1,1376,1361,1377,-1,1377,1361,1372,-1,1377,1372,1378,-1,1378,1372,1373,-1,1378,1373,1379,-1,1379,1373,1374,-1,1379,1374,1380,-1,1380,1374,1375,-1,1285,1284,1360,-1,1360,1284,1376,-1,1360,1376,1381,-1,1381,1376,1377,-1,1381,1377,1382,-1,1382,1377,1378,-1,1382,1378,1383,-1,1383,1378,1379,-1,1383,1379,1384,-1,1384,1379,1380,-1,1282,1286,1385,-1,1385,1286,1360,-1,1385,1360,1386,-1,1386,1360,1381,-1,1386,1381,1387,-1,1387,1381,1382,-1,1387,1382,1388,-1,1388,1382,1383,-1,1388,1383,1389,-1,1389,1383,1384,-1,1281,1282,1390,-1,1390,1282,1385,-1,1390,1385,1391,-1,1391,1385,1386,-1,1391,1386,1392,-1,1392,1386,1387,-1,1392,1387,1393,-1,1393,1387,1388,-1,1393,1388,1394,-1,1394,1388,1389,-1,1280,1281,1395,-1,1395,1281,1390,-1,1395,1390,1396,-1,1396,1390,1391,-1,1396,1391,1397,-1,1397,1391,1392,-1,1397,1392,1398,-1,1398,1392,1393,-1,1398,1393,1399,-1,1399,1393,1394,-1,1399,1400,1401,-1,1399,1401,1398,-1,1398,1401,1402,-1,1398,1402,1397,-1,1397,1402,1403,-1,1397,1403,1396,-1,1396,1403,1404,-1,1396,1404,1395,-1,1395,1404,1290,-1,1395,1290,1280,-1,1295,1294,1405,-1,1299,1298,1406,-1,1297,1290,1407,-1,1407,1290,1404,-1,1407,1404,1408,-1,1408,1404,1403,-1,1408,1403,1409,-1,1409,1403,1402,-1,1409,1402,1410,-1,1410,1402,1401,-1,1410,1401,1411,-1,1411,1401,1400,-1,1298,1297,1406,-1,1406,1297,1407,-1,1406,1407,1412,-1,1412,1407,1408,-1,1412,1408,1413,-1,1413,1408,1409,-1,1413,1409,1414,-1,1414,1409,1410,-1,1414,1410,1415,-1,1415,1410,1411,-1,1293,1299,1416,-1,1416,1299,1406,-1,1416,1406,1417,-1,1417,1406,1412,-1,1417,1412,1418,-1,1418,1412,1413,-1,1418,1413,1419,-1,1419,1413,1414,-1,1419,1414,1420,-1,1420,1414,1415,-1,1294,1293,1405,-1,1405,1293,1416,-1,1405,1416,1421,-1,1421,1416,1417,-1,1421,1417,1422,-1,1422,1417,1418,-1,1422,1418,1423,-1,1423,1418,1419,-1,1423,1419,1424,-1,1424,1419,1420,-1,1296,1295,1425,-1,1425,1295,1405,-1,1425,1405,1426,-1,1426,1405,1421,-1,1426,1421,1427,-1,1427,1421,1422,-1,1427,1422,1428,-1,1428,1422,1423,-1,1428,1423,1429,-1,1429,1423,1424,-1,1292,1296,1430,-1,1430,1296,1425,-1,1430,1425,1431,-1,1431,1425,1426,-1,1431,1426,1432,-1,1432,1426,1427,-1,1432,1427,1433,-1,1433,1427,1428,-1,1433,1428,1434,-1,1434,1428,1429,-1,1291,1292,1435,-1,1435,1292,1430,-1,1435,1430,1436,-1,1436,1430,1431,-1,1436,1431,1437,-1,1437,1431,1432,-1,1437,1432,1438,-1,1438,1432,1433,-1,1438,1433,1439,-1,1439,1433,1434,-1,1439,1440,1441,-1,1439,1441,1438,-1,1438,1441,1442,-1,1438,1442,1437,-1,1437,1442,1443,-1,1437,1443,1436,-1,1436,1443,1444,-1,1436,1444,1435,-1,1435,1444,1300,-1,1435,1300,1291,-1,1305,1304,1445,-1,1309,1308,1446,-1,1307,1300,1447,-1,1447,1300,1444,-1,1447,1444,1448,-1,1448,1444,1443,-1,1448,1443,1449,-1,1449,1443,1442,-1,1449,1442,1450,-1,1450,1442,1441,-1,1450,1441,1451,-1,1451,1441,1440,-1,1308,1307,1446,-1,1446,1307,1447,-1,1446,1447,1452,-1,1452,1447,1448,-1,1452,1448,1453,-1,1453,1448,1449,-1,1453,1449,1454,-1,1454,1449,1450,-1,1454,1450,1455,-1,1455,1450,1451,-1,1303,1309,1456,-1,1456,1309,1446,-1,1456,1446,1457,-1,1457,1446,1452,-1,1457,1452,1458,-1,1458,1452,1453,-1,1458,1453,1459,-1,1459,1453,1454,-1,1459,1454,1460,-1,1460,1454,1455,-1,1304,1303,1445,-1,1445,1303,1456,-1,1445,1456,1461,-1,1461,1456,1457,-1,1461,1457,1462,-1,1462,1457,1458,-1,1462,1458,1463,-1,1463,1458,1459,-1,1463,1459,1464,-1,1464,1459,1460,-1,1306,1305,1465,-1,1465,1305,1445,-1,1465,1445,1466,-1,1466,1445,1461,-1,1466,1461,1467,-1,1467,1461,1462,-1,1467,1462,1468,-1,1468,1462,1463,-1,1468,1463,1469,-1,1469,1463,1464,-1,1302,1306,1470,-1,1470,1306,1465,-1,1470,1465,1471,-1,1471,1465,1466,-1,1471,1466,1472,-1,1472,1466,1467,-1,1472,1467,1473,-1,1473,1467,1468,-1,1473,1468,1474,-1,1474,1468,1469,-1,1301,1302,1475,-1,1475,1302,1470,-1,1475,1470,1476,-1,1476,1470,1471,-1,1476,1471,1477,-1,1477,1471,1472,-1,1477,1472,1478,-1,1478,1472,1473,-1,1478,1473,1479,-1,1479,1473,1474,-1,1479,1480,1481,-1,1479,1481,1478,-1,1478,1481,1482,-1,1478,1482,1477,-1,1477,1482,1483,-1,1477,1483,1476,-1,1476,1483,1484,-1,1476,1484,1475,-1,1475,1484,1310,-1,1475,1310,1301,-1,1315,1314,1485,-1,1319,1318,1486,-1,1317,1310,1487,-1,1487,1310,1484,-1,1487,1484,1488,-1,1488,1484,1483,-1,1488,1483,1489,-1,1489,1483,1482,-1,1489,1482,1490,-1,1490,1482,1481,-1,1490,1481,1491,-1,1491,1481,1480,-1,1318,1317,1486,-1,1486,1317,1487,-1,1486,1487,1492,-1,1492,1487,1488,-1,1492,1488,1493,-1,1493,1488,1489,-1,1493,1489,1494,-1,1494,1489,1490,-1,1494,1490,1495,-1,1495,1490,1491,-1,1313,1319,1496,-1,1496,1319,1486,-1,1496,1486,1497,-1,1497,1486,1492,-1,1497,1492,1498,-1,1498,1492,1493,-1,1498,1493,1499,-1,1499,1493,1494,-1,1499,1494,1500,-1,1500,1494,1495,-1,1314,1313,1485,-1,1485,1313,1496,-1,1485,1496,1501,-1,1501,1496,1497,-1,1501,1497,1502,-1,1502,1497,1498,-1,1502,1498,1503,-1,1503,1498,1499,-1,1503,1499,1504,-1,1504,1499,1500,-1,1316,1315,1505,-1,1505,1315,1485,-1,1505,1485,1506,-1,1506,1485,1501,-1,1506,1501,1507,-1,1507,1501,1502,-1,1507,1502,1508,-1,1508,1502,1503,-1,1508,1503,1509,-1,1509,1503,1504,-1,1312,1316,1510,-1,1510,1316,1505,-1,1510,1505,1511,-1,1511,1505,1506,-1,1511,1506,1512,-1,1512,1506,1507,-1,1512,1507,1513,-1,1513,1507,1508,-1,1513,1508,1514,-1,1514,1508,1509,-1,1311,1312,1515,-1,1515,1312,1510,-1,1515,1510,1516,-1,1516,1510,1511,-1,1516,1511,1517,-1,1517,1511,1512,-1,1517,1512,1518,-1,1518,1512,1513,-1,1518,1513,1519,-1,1519,1513,1514,-1,1519,1520,1521,-1,1519,1521,1518,-1,1518,1521,1522,-1,1518,1522,1517,-1,1517,1522,1523,-1,1517,1523,1516,-1,1516,1523,1524,-1,1516,1524,1515,-1,1515,1524,1320,-1,1515,1320,1311,-1,1325,1324,1525,-1,1329,1328,1526,-1,1327,1320,1527,-1,1527,1320,1524,-1,1527,1524,1528,-1,1528,1524,1523,-1,1528,1523,1529,-1,1529,1523,1522,-1,1529,1522,1530,-1,1530,1522,1521,-1,1530,1521,1531,-1,1531,1521,1520,-1,1328,1327,1526,-1,1526,1327,1527,-1,1526,1527,1532,-1,1532,1527,1528,-1,1532,1528,1533,-1,1533,1528,1529,-1,1533,1529,1534,-1,1534,1529,1530,-1,1534,1530,1535,-1,1535,1530,1531,-1,1323,1329,1536,-1,1536,1329,1526,-1,1536,1526,1537,-1,1537,1526,1532,-1,1537,1532,1538,-1,1538,1532,1533,-1,1538,1533,1539,-1,1539,1533,1534,-1,1539,1534,1540,-1,1540,1534,1535,-1,1324,1323,1525,-1,1525,1323,1536,-1,1525,1536,1541,-1,1541,1536,1537,-1,1541,1537,1542,-1,1542,1537,1538,-1,1542,1538,1543,-1,1543,1538,1539,-1,1543,1539,1544,-1,1544,1539,1540,-1,1326,1325,1545,-1,1545,1325,1525,-1,1545,1525,1546,-1,1546,1525,1541,-1,1546,1541,1547,-1,1547,1541,1542,-1,1547,1542,1548,-1,1548,1542,1543,-1,1548,1543,1549,-1,1549,1543,1544,-1,1322,1326,1550,-1,1550,1326,1545,-1,1550,1545,1551,-1,1551,1545,1546,-1,1551,1546,1552,-1,1552,1546,1547,-1,1552,1547,1553,-1,1553,1547,1548,-1,1553,1548,1554,-1,1554,1548,1549,-1,1321,1322,1555,-1,1555,1322,1550,-1,1555,1550,1556,-1,1556,1550,1551,-1,1556,1551,1557,-1,1557,1551,1552,-1,1557,1552,1558,-1,1558,1552,1553,-1,1558,1553,1559,-1,1559,1553,1554,-1,1559,1560,1561,-1,1559,1561,1558,-1,1558,1561,1562,-1,1558,1562,1557,-1,1557,1562,1563,-1,1557,1563,1556,-1,1556,1563,1564,-1,1556,1564,1555,-1,1555,1564,1330,-1,1555,1330,1321,-1,1335,1334,1565,-1,1339,1338,1566,-1,1337,1330,1567,-1,1567,1330,1564,-1,1567,1564,1568,-1,1568,1564,1563,-1,1568,1563,1569,-1,1569,1563,1562,-1,1569,1562,1570,-1,1570,1562,1561,-1,1570,1561,1571,-1,1571,1561,1560,-1,1338,1337,1566,-1,1566,1337,1567,-1,1566,1567,1572,-1,1572,1567,1568,-1,1572,1568,1573,-1,1573,1568,1569,-1,1573,1569,1574,-1,1574,1569,1570,-1,1574,1570,1575,-1,1575,1570,1571,-1,1333,1339,1576,-1,1576,1339,1566,-1,1576,1566,1577,-1,1577,1566,1572,-1,1577,1572,1578,-1,1578,1572,1573,-1,1578,1573,1579,-1,1579,1573,1574,-1,1579,1574,1580,-1,1580,1574,1575,-1,1334,1333,1565,-1,1565,1333,1576,-1,1565,1576,1581,-1,1581,1576,1577,-1,1581,1577,1582,-1,1582,1577,1578,-1,1582,1578,1583,-1,1583,1578,1579,-1,1583,1579,1584,-1,1584,1579,1580,-1,1336,1335,1585,-1,1585,1335,1565,-1,1585,1565,1586,-1,1586,1565,1581,-1,1586,1581,1587,-1,1587,1581,1582,-1,1587,1582,1588,-1,1588,1582,1583,-1,1588,1583,1589,-1,1589,1583,1584,-1,1332,1336,1590,-1,1590,1336,1585,-1,1590,1585,1591,-1,1591,1585,1586,-1,1591,1586,1592,-1,1592,1586,1587,-1,1592,1587,1593,-1,1593,1587,1588,-1,1593,1588,1594,-1,1594,1588,1589,-1,1331,1332,1595,-1,1595,1332,1590,-1,1595,1590,1596,-1,1596,1590,1591,-1,1596,1591,1597,-1,1597,1591,1592,-1,1597,1592,1598,-1,1598,1592,1593,-1,1598,1593,1599,-1,1599,1593,1594,-1,1599,1600,1601,-1,1599,1601,1598,-1,1598,1601,1602,-1,1598,1602,1597,-1,1597,1602,1603,-1,1597,1603,1596,-1,1596,1603,1604,-1,1596,1604,1595,-1,1595,1604,1340,-1,1595,1340,1331,-1,1345,1344,1605,-1,1349,1348,1606,-1,1347,1340,1607,-1,1607,1340,1604,-1,1607,1604,1608,-1,1608,1604,1603,-1,1608,1603,1609,-1,1609,1603,1602,-1,1609,1602,1610,-1,1610,1602,1601,-1,1610,1601,1611,-1,1611,1601,1600,-1,1348,1347,1606,-1,1606,1347,1607,-1,1606,1607,1612,-1,1612,1607,1608,-1,1612,1608,1613,-1,1613,1608,1609,-1,1613,1609,1614,-1,1614,1609,1610,-1,1614,1610,1615,-1,1615,1610,1611,-1,1343,1349,1616,-1,1616,1349,1606,-1,1616,1606,1617,-1,1617,1606,1612,-1,1617,1612,1618,-1,1618,1612,1613,-1,1618,1613,1619,-1,1619,1613,1614,-1,1619,1614,1620,-1,1620,1614,1615,-1,1344,1343,1605,-1,1605,1343,1616,-1,1605,1616,1621,-1,1621,1616,1617,-1,1621,1617,1622,-1,1622,1617,1618,-1,1622,1618,1623,-1,1623,1618,1619,-1,1623,1619,1624,-1,1624,1619,1620,-1,1346,1345,1625,-1,1625,1345,1605,-1,1625,1605,1626,-1,1626,1605,1621,-1,1626,1621,1627,-1,1627,1621,1622,-1,1627,1622,1628,-1,1628,1622,1623,-1,1628,1623,1629,-1,1629,1623,1624,-1,1342,1346,1630,-1,1630,1346,1625,-1,1630,1625,1631,-1,1631,1625,1626,-1,1631,1626,1632,-1,1632,1626,1627,-1,1632,1627,1633,-1,1633,1627,1628,-1,1633,1628,1634,-1,1634,1628,1629,-1,1341,1342,1635,-1,1635,1342,1630,-1,1635,1630,1636,-1,1636,1630,1631,-1,1636,1631,1637,-1,1637,1631,1632,-1,1637,1632,1638,-1,1638,1632,1633,-1,1638,1633,1639,-1,1639,1633,1634,-1,1639,1640,1641,-1,1639,1641,1638,-1,1638,1641,1642,-1,1638,1642,1637,-1,1637,1642,1643,-1,1637,1643,1636,-1,1636,1643,1644,-1,1636,1644,1635,-1,1635,1644,1350,-1,1635,1350,1341,-1,1355,1354,1645,-1,1359,1358,1646,-1,1357,1350,1647,-1,1647,1350,1644,-1,1647,1644,1648,-1,1648,1644,1643,-1,1648,1643,1649,-1,1649,1643,1642,-1,1649,1642,1650,-1,1650,1642,1641,-1,1650,1641,1651,-1,1651,1641,1640,-1,1358,1357,1646,-1,1646,1357,1647,-1,1646,1647,1652,-1,1652,1647,1648,-1,1652,1648,1653,-1,1653,1648,1649,-1,1653,1649,1654,-1,1654,1649,1650,-1,1654,1650,1655,-1,1655,1650,1651,-1,1353,1359,1656,-1,1656,1359,1646,-1,1656,1646,1657,-1,1657,1646,1652,-1,1657,1652,1658,-1,1658,1652,1653,-1,1658,1653,1659,-1,1659,1653,1654,-1,1659,1654,1660,-1,1660,1654,1655,-1,1354,1353,1645,-1,1645,1353,1656,-1,1645,1656,1661,-1,1661,1656,1657,-1,1661,1657,1662,-1,1662,1657,1658,-1,1662,1658,1663,-1,1663,1658,1659,-1,1663,1659,1664,-1,1664,1659,1660,-1,1356,1355,1665,-1,1665,1355,1645,-1,1665,1645,1666,-1,1666,1645,1661,-1,1666,1661,1667,-1,1667,1661,1662,-1,1667,1662,1668,-1,1668,1662,1663,-1,1668,1663,1669,-1,1669,1663,1664,-1,1352,1356,1670,-1,1670,1356,1665,-1,1670,1665,1671,-1,1671,1665,1666,-1,1671,1666,1672,-1,1672,1666,1667,-1,1672,1667,1673,-1,1673,1667,1668,-1,1673,1668,1674,-1,1674,1668,1669,-1,1351,1352,1675,-1,1675,1352,1670,-1,1675,1670,1676,-1,1676,1670,1671,-1,1676,1671,1677,-1,1677,1671,1672,-1,1677,1672,1678,-1,1678,1672,1673,-1,1678,1673,1679,-1,1679,1673,1674,-1,1679,1371,1369,-1,1679,1369,1678,-1,1678,1369,1367,-1,1678,1367,1677,-1,1677,1367,1365,-1,1677,1365,1676,-1,1676,1365,1363,-1,1676,1363,1675,-1,1675,1363,1287,-1,1675,1287,1351,-1,1680,1440,254,-1,1680,254,1681,-1,77,1682,1683,-1,1684,1685,1686,-1,1687,1688,169,-1,169,1688,1520,-1,1683,1560,77,-1,77,1560,1559,-1,77,1559,1687,-1,1689,1690,165,-1,165,1690,1371,-1,164,1691,1692,-1,1685,1400,1686,-1,1686,1400,1399,-1,1686,1399,1689,-1,1687,169,77,-1,77,169,256,-1,77,256,72,-1,1692,1640,246,-1,246,1640,1639,-1,246,1639,1693,-1,1693,1694,246,-1,246,1694,1600,-1,246,1600,77,-1,77,1600,1599,-1,77,1599,1682,-1,1689,165,1686,-1,1686,165,250,-1,1686,250,251,-1,52,254,55,-1,55,254,1440,-1,55,1440,1686,-1,1686,1440,1439,-1,1686,1439,1684,-1,1695,1696,167,-1,167,1696,1480,-1,167,1480,254,-1,254,1480,1479,-1,254,1479,1681,-1,164,1692,249,-1,249,1692,246,-1,249,246,243,-1,1695,167,1519,-1,1519,167,166,-1,1519,166,1520,-1,1520,166,168,-1,1520,168,169,-1,1691,164,1679,-1,1679,164,124,-1,1679,124,1371,-1,1371,124,126,-1,1371,126,165,-1,250,165,83,-1,83,165,97,-1,167,254,102,-1,102,254,108,-1,256,169,80,-1,80,169,117,-1,164,249,93,-1,93,249,87,-1,1697,1,1698,-1,1698,1,253,-1,1699,1700,1701,-1,1699,1701,1698,-1,1698,1701,1702,-1,1698,1702,1697,-1,1703,1704,1705,-1,1705,1704,1706,-1,1705,1706,1707,-1,253,1,255,-1,255,1,1708,-1,255,1708,1705,-1,1705,1708,1709,-1,1705,1709,1703,-1,10,1710,11,-1,11,1710,1711,-1,11,1711,1712,-1,1713,1714,1715,-1,1715,1714,1716,-1,1711,1715,1717,-1,1711,1718,1715,-1,1715,1718,1719,-1,1715,1719,1713,-1,1720,1721,1722,-1,1722,1721,1723,-1,1722,1723,1724,-1,1716,1725,1715,-1,1715,1725,1722,-1,1715,1722,1726,-1,1726,1722,1724,-1,1717,1727,1711,-1,1711,1727,1728,-1,1711,1728,1712,-1,1712,1728,1729,-1,1712,1729,1730,-1,1730,1729,1731,-1,1730,1731,1732,-1,1733,1734,1735,-1,1722,1736,1720,-1,1720,1736,1733,-1,1720,1733,1737,-1,1737,1733,1735,-1,252,1738,251,-1,251,1738,1739,-1,251,1739,1740,-1,1740,1741,251,-1,251,1741,1742,-1,251,1742,1686,-1,37,1708,38,-1,38,1708,1743,-1,38,1743,1744,-1,1744,1743,1745,-1,1746,1711,1747,-1,1747,1711,1710,-1,1747,1710,1748,-1,1748,1710,1749,-1,1748,1749,1750,-1,1750,1749,1751,-1,1750,1751,1752,-1,1752,1751,1753,-1,1752,1753,1745,-1,1745,1753,1754,-1,1745,1754,1744,-1,1755,1756,1757,-1,1757,1756,1758,-1,1759,1760,1761,-1,1761,1760,1762,-1,1762,1763,1761,-1,1761,1763,1764,-1,1761,1764,1765,-1,1765,1764,1766,-1,1759,1761,1757,-1,1757,1761,1767,-1,1757,1767,1755,-1,1747,13,1746,-1,1746,13,12,-1,1746,12,1768,-1,1758,1769,1757,-1,1757,1769,1746,-1,1757,1746,1770,-1,1770,1746,1771,-1,1772,1773,1774,-1,1768,1775,1746,-1,1746,1775,1776,-1,1746,1776,1777,-1,1777,1778,1746,-1,1746,1778,1779,-1,1746,1779,1771,-1,1766,1764,1774,-1,1774,1764,1780,-1,1774,1780,1772,-1,1771,1779,1727,-1,1727,1779,1728,-1,1764,1763,1720,-1,1720,1763,1721,-1,1761,1765,1725,-1,1725,1765,1722,-1,178,30,176,-1,176,30,29,-1,1781,1782,1783,-1,1783,1782,1784,-1,1783,1784,1785,-1,176,1786,1787,-1,1785,1788,1783,-1,1783,1788,176,-1,1783,176,1789,-1,1789,176,1790,-1,1791,1792,1783,-1,1783,1792,1793,-1,1783,1793,1781,-1,1791,1794,1792,-1,1792,1794,1795,-1,1792,1795,1796,-1,29,1797,176,-1,176,1797,1798,-1,176,1798,1786,-1,1787,1799,176,-1,176,1799,1800,-1,176,1800,1790,-1,1796,1801,1792,-1,1792,1801,1802,-1,1792,1802,1803,-1,1803,1802,1804,-1,1803,1804,1805,-1,1805,1804,1806,-1,1790,1800,224,-1,224,1800,216,-1,1801,1796,232,-1,232,1796,226,-1,1793,1792,218,-1,218,1792,219,-1,20,172,174,-1,20,174,21,-1,21,174,186,-1,21,186,23,-1,23,186,185,-1,23,185,25,-1,25,185,183,-1,25,183,33,-1,33,183,181,-1,33,181,32,-1,32,181,179,-1,32,179,27,-1,203,208,1807,-1,203,1807,1808,-1,1808,1807,1809,-1,1808,1809,1810,-1,1810,1809,1811,-1,1810,1811,1812,-1,1812,1811,1813,-1,1812,1813,1814,-1,1814,1813,1815,-1,1814,1815,1816,-1,1816,1815,90,-1,1816,90,89,-1,1710,10,15,-1,1710,15,1749,-1,1749,15,16,-1,1749,16,1751,-1,1751,16,8,-1,1751,8,1753,-1,1753,8,6,-1,1753,6,1754,-1,1754,6,4,-1,1754,4,1744,-1,1744,4,3,-1,1744,3,38,-1,13,1747,14,-1,14,1747,1748,-1,14,1748,9,-1,9,1748,1750,-1,9,1750,7,-1,7,1750,1752,-1,7,1752,5,-1,5,1752,1745,-1,5,1745,0,-1,0,1745,1743,-1,0,1743,1,-1,1,1743,1708,-1,255,54,53,-1,1738,252,253,-1,253,255,1738,-1,1738,255,53,-1,1738,53,1739,-1,1739,53,51,-1,1739,51,1740,-1,1740,51,50,-1,1740,50,1741,-1,1741,50,57,-1,1741,57,1742,-1,1742,57,56,-1,1742,56,1686,-1,1686,56,55,-1,199,245,244,-1,199,244,193,-1,70,193,71,-1,71,193,244,-1,71,244,73,-1,73,244,242,-1,73,242,74,-1,74,242,241,-1,74,241,75,-1,75,241,248,-1,75,248,76,-1,76,248,247,-1,76,247,77,-1,77,247,246,-1,
        ]
    }
}
Shape{
    appearance Appearance {
        material  Material 	{
            diffuseColor 0.5019607843137255 0.5019607843137255 0.5019607843137255
            specularColor 0.25098039215686274 0.25098039215686274 0.25098039215686274
            ambientIntensity 0.502
            transparency 0.0
            shininess 0.5
        }
    }
    geometry IndexedFaceSet {
        ccw TRUE
        solid FALSE
        coord DEF co Coordinate {
            point [
                0.5906 0.0787 0.063, 0.5906 -0.0787 0.063, 0.5956 0.0787 0.0637, 0.5956 -0.0787 0.0637, 0.6004 0.0787 0.0656, 0.6004 -0.0787 0.0656, 0.6045 0.0787 0.0688, 0.6045 -0.0787 0.0688, 0.6076 0.0787 0.0728, 0.6076 -0.0787 0.0728, 0.6096 0.0787 0.0776, 0.6096 -0.0787 0.0776, 0.6102 0.0787 0.0827, 0.6102 -0.0787 0.0827
            ]
        }
        coordIndex [
            0,1,2,-1,2,1,3,-1,2,3,4,-1,4,3,5,-1,4,5,6,-1,6,5,7,-1,6,7,8,-1,8,7,9,-1,8,9,10,-1,10,9,11,-1,10,11,12,-1,12,11,13,-1,
        ]
    }
}
Shape{
    appearance Appearance {
        material  Material 	{
            diffuseColor 1.0 1.0 1.0
            specularColor 0.5019607843137255 0.5019607843137255 0.5019607843137255
            ambientIntensity 1.0
            transparency 0.0
            shininess 0.5
        }
    }
    geometry IndexedFaceSet {
        ccw TRUE
        solid FALSE
        coord DEF co Coordinate {
            point [
                0.4547 -0.1575 0.063, 0.4547 -0.1575 0.0039, 0.477 -0.1549 0.0039, 0.477 -0.1549 0.063, 0.4981 -0.1474 0.0039, 0.4981 -0.1474 0.063, 0.517 -0.1353 0.0039, 0.517 -0.1353 0.063, 0.5326 -0.1192 0.0039, 0.5326 -0.1192 0.063, 0.5442 -0.1 0.0039, 0.5442 -0.1 0.063, 0.5512 -0.0787 0.0039, 0.5512 -0.0787 0.063, 0.3543 -0.0591 0.063, 0.3543 -0.0591 0.0039, 0.3577 -0.0845 0.0039, 0.3577 -0.0845 0.063, 0.3675 -0.1083 0.0039, 0.3675 -0.1083 0.063, 0.3832 -0.1287 0.0039, 0.3832 -0.1287 0.063, 0.4035 -0.1443 0.0039, 0.4035 -0.1443 0.063, 0.4273 -0.1541 0.0039, 0.4273 -0.1541 0.063, 0.4528 -0.1575 0.0039, 0.4528 -0.1575 0.063, 0.4528 0.1575 0.063, 0.4528 0.1575 0.0039, 0.4273 0.1541 0.0039, 0.4273 0.1541 0.063, 0.4035 0.1443 0.0039, 0.4035 0.1443 0.063, 0.3832 0.1287 0.0039, 0.3832 0.1287 0.063, 0.3675 0.1083 0.0039, 0.3675 0.1083 0.063, 0.3577 0.0845 0.0039, 0.3577 0.0845 0.063, 0.3543 0.0591 0.0039, 0.3543 0.0591 0.063, 0.4547 0.1575 0.0039, 0.4547 0.1575 0.063, 0.477 0.1549 0.063, 0.477 0.1549 0.0039, 0.4981 0.1474 0.063, 0.4981 0.1474 0.0039, 0.517 0.1353 0.063, 0.517 0.1353 0.0039, 0.5326 0.1192 0.063, 0.5326 0.1192 0.0039, 0.5442 0.1 0.063, 0.5442 0.1 0.0039, 0.5512 0.0787 0.063, 0.5512 0.0787 0.0039, -0.4547 0.1575 0.063, -0.4547 0.1575 0.0039, -0.477 0.1549 0.0039, -0.477 0.1549 0.063, -0.4981 0.1474 0.0039, -0.4981 0.1474 0.063, -0.517 0.1353 0.0039, -0.517 0.1353 0.063, -0.5326 0.1192 0.0039, -0.5326 0.1192 0.063, -0.5442 0.1 0.0039, -0.5442 0.1 0.063, -0.5512 0.0787 0.0039, -0.5512 0.0787 0.063, -0.3543 0.0591 0.063, -0.3543 0.0591 0.0039, -0.3577 0.0845 0.0039, -0.3577 0.0845 0.063, -0.3675 0.1083 0.0039, -0.3675 0.1083 0.063, -0.3832 0.1287 0.0039, -0.3832 0.1287 0.063, -0.4035 0.1443 0.0039, -0.4035 0.1443 0.063, -0.4273 0.1541 0.0039, -0.4273 0.1541 0.063, -0.4528 0.1575 0.0039, -0.4528 0.1575 0.063, -0.4528 -0.1575 0.063, -0.4528 -0.1575 0.0039, -0.4273 -0.1541 0.0039, -0.4273 -0.1541 0.063, -0.4035 -0.1443 0.0039, -0.4035 -0.1443 0.063, -0.3832 -0.1287 0.0039, -0.3832 -0.1287 0.063, -0.3675 -0.1083 0.0039, -0.3675 -0.1083 0.063, -0.3577 -0.0845 0.0039, -0.3577 -0.0845 0.063, -0.3543 -0.0591 0.0039, -0.3543 -0.0591 0.063, -0.4547 -0.1575 0.0039, -0.4547 -0.1575 0.063, -0.477 -0.1549 0.063, -0.477 -0.1549 0.0039, -0.4981 -0.1474 0.063, -0.4981 -0.1474 0.0039, -0.517 -0.1353 0.063, -0.517 -0.1353 0.0039, -0.5326 -0.1192 0.063, -0.5326 -0.1192 0.0039, -0.5442 -0.1 0.063, -0.5442 -0.1 0.0039, -0.5512 -0.0787 0.063, -0.5512 -0.0787 0.0039, 0.0787 0.6102 0.0827, 0.2362 0.6102 0.0827, 0.2362 0.6102 0.2992, -0.2362 0.6102 0.2992, -0.2362 0.6102 0.0827, -0.0787 0.6102 0.0827, 0.0787 0.6102 0.0394, -0.0787 0.6102 0.0394, -0.0394 0.6102 0.0, -0.0735 0.6102 0.0197, -0.0672 0.6102 0.0115, -0.0591 0.6102 0.0053, -0.0774 0.6102 0.0292, -0.0496 0.6102 0.0013, 0.0672 0.6102 0.0115, 0.0735 0.6102 0.0197, 0.0591 0.6102 0.0053, 0.0496 0.6102 0.0013, 0.0394 0.6102 0.0, 0.0774 0.6102 0.0292, 0.2362 0.6693 0.0827, 0.0787 0.6693 0.0827, 0.0787 0.6693 0.0394, 0.0394 0.6693 0.0, -0.0394 0.6693 0.0, -0.0787 0.6693 0.0394, -0.0787 0.6693 0.0827, -0.2362 0.6693 0.0827, -0.2362 0.6693 0.2992, 0.2362 0.6693 0.2992, -0.0496 0.6693 0.0013, -0.0591 0.6693 0.0053, -0.0672 0.6693 0.0115, -0.0735 0.6693 0.0197, -0.0774 0.6693 0.0292, 0.0774 0.6693 0.0292, 0.0735 0.6693 0.0197, 0.0496 0.6693 0.0013, 0.0672 0.6693 0.0115, 0.0591 0.6693 0.0053, -0.0787 -0.6693 0.0394, -0.0787 -0.6693 0.0827, -0.0787 -0.6102 0.0394, -0.0787 -0.6102 0.0827, -0.0394 -0.6102 0.0, 0.0394 -0.6102 0.0, -0.0394 -0.6693 0.0, 0.0394 -0.6693 0.0, 0.0787 -0.6102 0.0394, 0.0787 -0.6102 0.0827, 0.0787 -0.6693 0.0394, 0.0787 -0.6693 0.0827, -0.2362 0.6102 0.3583, -0.2362 0.6255 0.3563, -0.2362 0.6673 0.3145, -0.2362 0.6614 0.3287, -0.2362 0.6398 0.3504, -0.2362 0.652 0.341, 0.2362 0.6673 0.3145, 0.2362 0.6614 0.3287, 0.2362 0.652 0.341, 0.2362 0.6398 0.3504, 0.2362 0.6255 0.3563, 0.2362 0.6102 0.3583, -0.2362 -0.6102 0.0827, -0.2362 -0.6693 0.0827, -0.2362 -0.6102 0.2992, -0.2362 -0.6693 0.2992, -0.2362 -0.652 0.341, -0.2362 -0.6398 0.3504, -0.2362 -0.6255 0.3563, -0.2362 -0.6102 0.3583, -0.2362 -0.6673 0.3145, -0.2362 -0.6614 0.3287, 0.2362 -0.6102 0.2992, 0.2362 -0.652 0.341, 0.2362 -0.6614 0.3287, 0.2362 -0.6102 0.3583, 0.2362 -0.6255 0.3563, 0.2362 -0.6398 0.3504, 0.2362 -0.6693 0.0827, 0.2362 -0.6102 0.0827, 0.2362 -0.6693 0.2992, 0.2362 -0.6673 0.3145, -0.0774 -0.6102 0.0292, -0.0774 -0.6693 0.0292, -0.0735 -0.6102 0.0197, -0.0735 -0.6693 0.0197, -0.0672 -0.6102 0.0115, -0.0672 -0.6693 0.0115, -0.0591 -0.6102 0.0053, -0.0591 -0.6693 0.0053, -0.0496 -0.6102 0.0013, -0.0496 -0.6693 0.0013, 0.0496 -0.6102 0.0013, 0.0496 -0.6693 0.0013, 0.0591 -0.6102 0.0053, 0.0591 -0.6693 0.0053, 0.0672 -0.6102 0.0115, 0.0672 -0.6693 0.0115, 0.0735 -0.6102 0.0197, 0.0735 -0.6693 0.0197, 0.0774 -0.6102 0.0292, 0.0774 -0.6693 0.0292, 0.3346 -0.0 0.4173, 0.3346 0.0 0.4764, 0.3301 0.0551 0.4173, 0.3301 0.0551 0.4764, 0.3165 0.1087 0.4173, 0.3165 0.1087 0.4764, 0.2943 0.1593 0.4173, 0.2943 0.1593 0.4764, 0.2641 0.2055 0.4173, 0.2641 0.2055 0.4764, 0.2266 0.2462 0.4173, 0.2266 0.2462 0.4764, 0.183 0.2802 0.4173, 0.183 0.2802 0.4764, 0.1344 0.3065 0.4173, 0.1344 0.3065 0.4764, 0.0822 0.3244 0.4173, 0.0822 0.3244 0.4764, 0.0276 0.3335 0.4173, 0.0276 0.3335 0.4764, -0.0276 0.3335 0.4173, -0.0276 0.3335 0.4764, -0.0822 0.3244 0.4173, -0.0822 0.3244 0.4764, -0.1344 0.3065 0.4173, -0.1344 0.3065 0.4764, -0.183 0.2802 0.4173, -0.183 0.2802 0.4764, -0.2266 0.2462 0.4173, -0.2266 0.2462 0.4764, -0.2641 0.2055 0.4173, -0.2641 0.2055 0.4764, -0.2943 0.1593 0.4173, -0.2943 0.1593 0.4764, -0.3165 0.1087 0.4173, -0.3165 0.1087 0.4764, -0.3301 0.0551 0.4173, -0.3301 0.0551 0.4764, -0.3346 0.0 0.4173, -0.3346 0.0 0.4764, -0.3301 -0.0551 0.4173, -0.3301 -0.0551 0.4764, -0.3165 -0.1087 0.4173, -0.3165 -0.1087 0.4764, -0.2943 -0.1593 0.4173, -0.2943 -0.1593 0.4764, -0.2641 -0.2055 0.4173, -0.2641 -0.2055 0.4764, -0.2266 -0.2462 0.4173, -0.2266 -0.2462 0.4764, -0.183 -0.2802 0.4173, -0.183 -0.2802 0.4764, -0.1344 -0.3065 0.4173, -0.1344 -0.3065 0.4764, -0.0822 -0.3244 0.4173, -0.0822 -0.3244 0.4764, -0.0276 -0.3335 0.4173, -0.0276 -0.3335 0.4764, 0.0276 -0.3335 0.4173, 0.0276 -0.3335 0.4764, 0.0822 -0.3244 0.4173, 0.0822 -0.3244 0.4764, 0.1344 -0.3065 0.4173, 0.1344 -0.3065 0.4764, 0.183 -0.2802 0.4173, 0.183 -0.2802 0.4764, 0.2266 -0.2462 0.4173, 0.2266 -0.2462 0.4764, 0.2641 -0.2055 0.4173, 0.2641 -0.2055 0.4764, 0.2943 -0.1593 0.4173, 0.2943 -0.1593 0.4764, 0.3165 -0.1087 0.4173, 0.3165 -0.1087 0.4764, 0.3301 -0.0551 0.4173, 0.3301 -0.0551 0.4764, 0.6693 0.1575 0.1614, 0.6102 0.1575 0.1614, 0.6693 0.1575 0.2992, 0.6102 0.1575 0.2795, 0.6673 0.1575 0.3145, 0.6614 0.1575 0.3287, 0.6102 0.1575 0.3583, 0.6255 0.1575 0.3563, 0.6398 0.1575 0.3504, 0.652 0.1575 0.341, 0.6102 -0.1575 0.1614, 0.6693 -0.1575 0.1614, 0.6102 -0.1575 0.2795, 0.6693 -0.1575 0.2992, 0.6673 -0.1575 0.3145, 0.6614 -0.1575 0.3287, 0.652 -0.1575 0.341, 0.6398 -0.1575 0.3504, 0.6255 -0.1575 0.3563, 0.6102 -0.1575 0.3583, -0.6102 -0.1575 0.2795, -0.652 -0.1575 0.341, -0.6614 -0.1575 0.3287, -0.6102 -0.1575 0.3583, -0.6255 -0.1575 0.3563, -0.6398 -0.1575 0.3504, -0.6693 -0.1575 0.1614, -0.6102 -0.1575 0.1614, -0.6693 -0.1575 0.2992, -0.6673 -0.1575 0.3145, -0.6102 0.1575 0.1614, -0.6693 0.1575 0.1614, -0.6102 0.1575 0.2795, -0.6693 0.1575 0.2992, -0.6673 0.1575 0.3145, -0.6614 0.1575 0.3287, -0.652 0.1575 0.341, -0.6398 0.1575 0.3504, -0.6255 0.1575 0.3563, -0.6102 0.1575 0.3583, 0.6693 0.1548 0.141, 0.6102 0.1548 0.141, 0.6693 0.1469 0.122, 0.6102 0.1469 0.122, 0.6693 0.1344 0.1057, 0.6102 0.1344 0.1057, 0.6693 0.1181 0.0932, 0.6102 0.1181 0.0932, 0.6693 0.0991 0.0854, 0.6102 0.0991 0.0854, 0.6693 0.0787 0.0827, 0.6102 0.0787 0.0827, 0.6102 -0.1548 0.141, 0.6693 -0.1548 0.141, 0.6102 -0.1469 0.122, 0.6693 -0.1469 0.122, 0.6102 -0.1344 0.1057, 0.6693 -0.1344 0.1057, 0.6102 -0.1181 0.0932, 0.6693 -0.1181 0.0932, 0.6102 -0.0991 0.0854, 0.6693 -0.0991 0.0854, 0.6102 -0.0787 0.0827, 0.6693 -0.0787 0.0827, -0.6693 -0.1548 0.141, -0.6102 -0.1548 0.141, -0.6693 -0.1469 0.122, -0.6102 -0.1469 0.122, -0.6693 -0.1344 0.1057, -0.6102 -0.1344 0.1057, -0.6693 -0.1181 0.0932, -0.6102 -0.1181 0.0932, -0.6693 -0.0991 0.0854, -0.6102 -0.0991 0.0854, -0.6693 -0.0787 0.0827, -0.6102 -0.0787 0.0827, -0.6102 0.1548 0.141, -0.6693 0.1548 0.141, -0.6102 0.1469 0.122, -0.6693 0.1469 0.122, -0.6102 0.1344 0.1057, -0.6693 0.1344 0.1057, -0.6102 0.1181 0.0932, -0.6693 0.1181 0.0932, -0.6102 0.0991 0.0854, -0.6693 0.0991 0.0854, -0.6102 0.0787 0.0827, -0.6693 0.0787 0.0827
            ]
        }
        coordIndex [
            0,1,2,-1,0,2,3,-1,3,2,4,-1,3,4,5,-1,5,4,6,-1,5,6,7,-1,7,6,8,-1,7,8,9,-1,9,8,10,-1,9,10,11,-1,11,10,12,-1,11,12,13,-1,14,15,16,-1,14,16,17,-1,17,16,18,-1,17,18,19,-1,19,18,20,-1,19,20,21,-1,21,20,22,-1,21,22,23,-1,23,22,24,-1,23,24,25,-1,25,24,26,-1,25,26,27,-1,28,29,30,-1,28,30,31,-1,31,30,32,-1,31,32,33,-1,33,32,34,-1,33,34,35,-1,35,34,36,-1,35,36,37,-1,37,36,38,-1,37,38,39,-1,39,38,40,-1,39,40,41,-1,42,43,44,-1,42,44,45,-1,45,44,46,-1,45,46,47,-1,47,46,48,-1,47,48,49,-1,49,48,50,-1,49,50,51,-1,51,50,52,-1,51,52,53,-1,53,52,54,-1,53,54,55,-1,56,57,58,-1,56,58,59,-1,59,58,60,-1,59,60,61,-1,61,60,62,-1,61,62,63,-1,63,62,64,-1,63,64,65,-1,65,64,66,-1,65,66,67,-1,67,66,68,-1,67,68,69,-1,70,71,72,-1,70,72,73,-1,73,72,74,-1,73,74,75,-1,75,74,76,-1,75,76,77,-1,77,76,78,-1,77,78,79,-1,79,78,80,-1,79,80,81,-1,81,80,82,-1,81,82,83,-1,84,85,86,-1,84,86,87,-1,87,86,88,-1,87,88,89,-1,89,88,90,-1,89,90,91,-1,91,90,92,-1,91,92,93,-1,93,92,94,-1,93,94,95,-1,95,94,96,-1,95,96,97,-1,98,99,100,-1,98,100,101,-1,101,100,102,-1,101,102,103,-1,103,102,104,-1,103,104,105,-1,105,104,106,-1,105,106,107,-1,107,106,108,-1,107,108,109,-1,109,108,110,-1,109,110,111,-1,112,113,114,-1,115,116,117,-1,114,115,112,-1,112,115,117,-1,112,117,118,-1,118,117,119,-1,118,119,120,-1,121,122,123,-1,119,124,120,-1,120,124,121,-1,120,121,125,-1,125,121,123,-1,126,127,128,-1,128,127,129,-1,120,130,118,-1,118,130,129,-1,118,129,131,-1,131,129,127,-1,113,112,132,-1,132,112,133,-1,134,133,118,-1,118,133,112,-1,130,120,135,-1,135,120,136,-1,119,117,137,-1,137,117,138,-1,139,138,116,-1,116,138,117,-1,138,139,140,-1,141,132,133,-1,140,141,138,-1,138,141,133,-1,138,133,137,-1,137,133,134,-1,137,134,135,-1,135,136,137,-1,137,136,142,-1,137,142,143,-1,143,144,137,-1,137,144,145,-1,137,145,146,-1,134,147,135,-1,135,147,148,-1,135,148,149,-1,149,148,150,-1,149,150,151,-1,152,153,154,-1,154,153,155,-1,156,157,158,-1,158,157,159,-1,160,161,162,-1,162,161,163,-1,115,164,165,-1,139,116,140,-1,140,116,115,-1,140,115,166,-1,166,115,167,-1,165,168,115,-1,115,168,169,-1,115,169,167,-1,113,132,114,-1,114,132,141,-1,141,170,114,-1,114,170,171,-1,114,171,172,-1,172,173,114,-1,114,173,174,-1,114,174,175,-1,176,177,178,-1,178,177,179,-1,180,181,178,-1,178,181,182,-1,178,182,183,-1,179,184,178,-1,178,184,185,-1,178,185,180,-1,186,187,188,-1,189,190,186,-1,186,190,191,-1,186,191,187,-1,192,193,194,-1,194,193,186,-1,194,186,195,-1,195,186,188,-1,179,194,195,-1,179,195,184,-1,184,195,188,-1,184,188,185,-1,185,188,187,-1,185,187,180,-1,180,187,191,-1,180,191,181,-1,181,191,190,-1,181,190,182,-1,182,190,189,-1,182,189,183,-1,141,140,166,-1,141,166,170,-1,170,166,167,-1,170,167,171,-1,171,167,169,-1,171,169,172,-1,172,169,168,-1,172,168,173,-1,173,168,165,-1,173,165,174,-1,174,165,164,-1,174,164,175,-1,134,118,131,-1,134,131,147,-1,147,131,127,-1,147,127,148,-1,148,127,126,-1,148,126,150,-1,150,126,128,-1,150,128,151,-1,151,128,129,-1,151,129,149,-1,149,129,130,-1,149,130,135,-1,136,120,125,-1,136,125,142,-1,142,125,123,-1,142,123,143,-1,143,123,122,-1,143,122,144,-1,144,122,121,-1,144,121,145,-1,145,121,124,-1,145,124,146,-1,146,124,119,-1,146,119,137,-1,152,154,196,-1,152,196,197,-1,197,196,198,-1,197,198,199,-1,199,198,200,-1,199,200,201,-1,201,200,202,-1,201,202,203,-1,203,202,204,-1,203,204,205,-1,205,204,156,-1,205,156,158,-1,159,157,206,-1,159,206,207,-1,207,206,208,-1,207,208,209,-1,209,208,210,-1,209,210,211,-1,211,210,212,-1,211,212,213,-1,213,212,214,-1,213,214,215,-1,215,214,160,-1,215,160,162,-1,216,217,218,-1,218,217,219,-1,218,219,220,-1,220,219,221,-1,220,221,222,-1,222,221,223,-1,222,223,224,-1,224,223,225,-1,224,225,226,-1,226,225,227,-1,226,227,228,-1,228,227,229,-1,228,229,230,-1,230,229,231,-1,230,231,232,-1,232,231,233,-1,232,233,234,-1,234,233,235,-1,234,235,236,-1,236,235,237,-1,236,237,238,-1,238,237,239,-1,238,239,240,-1,240,239,241,-1,240,241,242,-1,242,241,243,-1,242,243,244,-1,244,243,245,-1,244,245,246,-1,246,245,247,-1,246,247,248,-1,248,247,249,-1,248,249,250,-1,250,249,251,-1,250,251,252,-1,252,251,253,-1,252,253,254,-1,254,253,255,-1,254,255,256,-1,256,255,257,-1,256,257,258,-1,258,257,259,-1,258,259,260,-1,260,259,261,-1,260,261,262,-1,262,261,263,-1,262,263,264,-1,264,263,265,-1,264,265,266,-1,266,265,267,-1,266,267,268,-1,268,267,269,-1,268,269,270,-1,270,269,271,-1,270,271,272,-1,272,271,273,-1,272,273,274,-1,274,273,275,-1,274,275,276,-1,276,275,277,-1,276,277,278,-1,278,277,279,-1,278,279,280,-1,280,279,281,-1,280,281,282,-1,282,281,283,-1,282,283,284,-1,284,283,285,-1,284,285,286,-1,286,285,287,-1,286,287,288,-1,288,287,289,-1,288,289,290,-1,290,289,291,-1,290,291,216,-1,216,291,217,-1,292,293,294,-1,294,293,295,-1,294,295,296,-1,296,295,297,-1,295,298,299,-1,299,300,295,-1,295,300,301,-1,295,301,297,-1,302,303,304,-1,304,303,305,-1,305,306,304,-1,304,306,307,-1,304,307,308,-1,308,309,304,-1,304,309,310,-1,304,310,311,-1,312,313,314,-1,315,316,312,-1,312,316,317,-1,312,317,313,-1,318,319,320,-1,320,319,312,-1,320,312,321,-1,321,312,314,-1,322,323,324,-1,324,323,325,-1,325,326,324,-1,324,326,327,-1,324,327,328,-1,328,329,324,-1,324,329,330,-1,324,330,331,-1,293,292,332,-1,293,332,333,-1,333,332,334,-1,333,334,335,-1,335,334,336,-1,335,336,337,-1,337,336,338,-1,337,338,339,-1,339,338,340,-1,339,340,341,-1,341,340,342,-1,341,342,343,-1,303,302,344,-1,303,344,345,-1,345,344,346,-1,345,346,347,-1,347,346,348,-1,347,348,349,-1,349,348,350,-1,349,350,351,-1,351,350,352,-1,351,352,353,-1,353,352,354,-1,353,354,355,-1,319,318,356,-1,319,356,357,-1,357,356,358,-1,357,358,359,-1,359,358,360,-1,359,360,361,-1,361,360,362,-1,361,362,363,-1,363,362,364,-1,363,364,365,-1,365,364,366,-1,365,366,367,-1,323,322,368,-1,323,368,369,-1,369,368,370,-1,369,370,371,-1,371,370,372,-1,371,372,373,-1,373,372,374,-1,373,374,375,-1,375,374,376,-1,375,376,377,-1,377,376,378,-1,377,378,379,-1,
        ]
    }
}